{"v":"4.8.0","meta":{"g":"LottieFiles AE ","a":"","k":"","d":"","tc":""},"fr":30,"ip":0,"op":121,"w":500,"h":500,"nm":"fist bump","ddd":0,"assets":[{"id":"comp_0","layers":[{"ddd":0,"ind":1,"ty":4,"nm":"p20","sr":1,"ks":{"o":{"a":1,"k":[{"i":{"x":[1],"y":[1]},"o":{"x":[0.01],"y":[0]},"t":4.004,"s":[100]},{"t":43.043043043043,"s":[0]}],"ix":11},"r":{"a":0,"k":0,"ix":10},"p":{"a":1,"k":[{"i":{"x":0,"y":1},"o":{"x":0.01,"y":0},"t":4.004,"s":[400,400,0],"to":[1.833,-220.667,0],"ti":[85.167,-23.333,0]},{"t":43.043043043043,"s":[71,152,0]}],"ix":2},"a":{"a":0,"k":[0,0,0],"ix":1},"s":{"a":0,"k":[100,100,100],"ix":6}},"ao":0,"shapes":[{"ty":"gr","it":[{"ind":0,"ty":"sh","ix":1,"ks":{"a":0,"k":{"i":[[19,-23.5],[24.5,-3.5],[36.647,-10.192]],"o":[[19,-23.5],[24.5,-3.5],[36.647,-10.192]],"v":[[19,-23.5],[24.5,-3.5],[36.647,-10.192]],"c":true},"ix":2},"nm":"Path 1","mn":"ADBE Vector Shape - Group","hd":false,"_render":true},{"ty":"fl","c":{"a":0,"k":[0.9647058823529412,0.9568627450980393,0.9803921568627451,1],"ix":4},"o":{"a":0,"k":100,"ix":5},"r":1,"bm":0,"nm":"Fill 1","mn":"ADBE Vector Graphic - Fill","hd":false,"_render":true},{"ty":"tr","p":{"a":0,"k":[0,0],"ix":2},"a":{"a":0,"k":[0,0],"ix":1},"s":{"a":0,"k":[100,100],"ix":3},"r":{"a":0,"k":0,"ix":6},"o":{"a":0,"k":100,"ix":7},"sk":{"a":0,"k":0,"ix":4},"sa":{"a":0,"k":0,"ix":5},"nm":"Transform","_render":true}],"nm":"triangle","np":3,"cix":2,"bm":0,"ix":1,"mn":"ADBE Vector Group","hd":false,"_render":true}],"ip":4.004004004004,"op":364.364364364364,"st":4.004004004004,"bm":0,"completed":true},{"ddd":0,"ind":2,"ty":4,"nm":"p19","sr":1,"ks":{"o":{"a":1,"k":[{"i":{"x":[1],"y":[1]},"o":{"x":[0.01],"y":[0]},"t":3.003,"s":[100]},{"t":42.042042042042,"s":[0]}],"ix":11},"r":{"a":0,"k":0,"ix":10},"p":{"a":1,"k":[{"i":{"x":0,"y":1},"o":{"x":0.01,"y":0},"t":3.003,"s":[400,400,0],"to":[101.833,91.333,0],"ti":[27.167,-153.333,0]},{"t":42.042042042042,"s":[579,746,0]}],"ix":2},"a":{"a":0,"k":[0,0,0],"ix":1},"s":{"a":0,"k":[100,100,100],"ix":6}},"ao":0,"shapes":[{"ty":"gr","it":[{"ind":0,"ty":"sh","ix":1,"ks":{"a":0,"k":{"i":[[14.5,-8.25],[25.25,-11.75],[21.75,2],[36.25,0.75],[33,18.75],[52.25,18.25],[53.75,36.75]],"o":[[14.5,-8.25],[27.25,-2.25],[29.25,7.5],[42.75,13.25],[45.5,23.25],[56.25,32.25],[53.75,36.75]],"v":[[14.5,-8.25],[26.25,-7],[25.5,4.75],[39.5,7],[39.25,21],[54.25,25.25],[53.75,36.75]],"c":false},"ix":2},"nm":"Path 1","mn":"ADBE Vector Shape - Group","hd":false,"_render":true},{"ty":"st","c":{"a":0,"k":[0.9647058823529412,0.9568627450980393,0.9803921568627451,1],"ix":3},"o":{"a":0,"k":100,"ix":4},"w":{"a":0,"k":2,"ix":5},"lc":1,"lj":1,"ml":4,"bm":0,"nm":"Stroke 1","mn":"ADBE Vector Graphic - Stroke","hd":false,"_render":true},{"ty":"fl","c":{"a":0,"k":[0.9647058823529412,0.9568627450980393,0.9803921568627451,1],"ix":4},"o":{"a":0,"k":100,"ix":5},"r":1,"bm":0,"nm":"Fill 1","mn":"ADBE Vector Graphic - Fill","hd":false,"_render":true},{"ty":"tr","p":{"a":0,"k":[0,0],"ix":2},"a":{"a":0,"k":[0,0],"ix":1},"s":{"a":0,"k":[100,100],"ix":3},"r":{"a":0,"k":0,"ix":6},"o":{"a":0,"k":100,"ix":7},"sk":{"a":0,"k":0,"ix":4},"sa":{"a":0,"k":0,"ix":5},"nm":"Transform","_render":true}],"nm":"Shape 1","np":3,"cix":2,"bm":0,"ix":1,"mn":"ADBE Vector Group","hd":false,"_render":true}],"ip":3.003003003003,"op":363.363363363363,"st":3.003003003003,"bm":0,"completed":true},{"ddd":0,"ind":3,"ty":4,"nm":"p18","sr":1,"ks":{"o":{"a":1,"k":[{"i":{"x":[1],"y":[1]},"o":{"x":[0.01],"y":[0]},"t":2.002,"s":[100]},{"t":41.041041041041,"s":[0]}],"ix":11},"r":{"a":0,"k":0,"ix":10},"p":{"a":1,"k":[{"i":{"x":0,"y":1},"o":{"x":0.01,"y":0},"t":2.002,"s":[400,400,0],"to":[-84.167,-74.667,0],"ti":[-88.833,-45.333,0]},{"t":41.041041041041,"s":[503,238,0]}],"ix":2},"a":{"a":0,"k":[0,0,0],"ix":1},"s":{"a":0,"k":[100,100,100],"ix":6}},"ao":0,"shapes":[{"ty":"gr","it":[{"ind":0,"ty":"sh","ix":1,"ks":{"a":0,"k":{"i":[[19,-23.5],[24.5,-3.5],[36.647,-10.192]],"o":[[19,-23.5],[24.5,-3.5],[36.647,-10.192]],"v":[[19,-23.5],[24.5,-3.5],[36.647,-10.192]],"c":true},"ix":2},"nm":"Path 1","mn":"ADBE Vector Shape - Group","hd":false,"_render":true},{"ty":"fl","c":{"a":0,"k":[0.9647058823529412,0.9568627450980393,0.9803921568627451,1],"ix":4},"o":{"a":0,"k":100,"ix":5},"r":1,"bm":0,"nm":"Fill 1","mn":"ADBE Vector Graphic - Fill","hd":false,"_render":true},{"ty":"tr","p":{"a":0,"k":[0,0],"ix":2},"a":{"a":0,"k":[0,0],"ix":1},"s":{"a":0,"k":[100,100],"ix":3},"r":{"a":0,"k":0,"ix":6},"o":{"a":0,"k":100,"ix":7},"sk":{"a":0,"k":0,"ix":4},"sa":{"a":0,"k":0,"ix":5},"nm":"Transform","_render":true}],"nm":"triangle","np":3,"cix":2,"bm":0,"ix":1,"mn":"ADBE Vector Group","hd":false,"_render":true}],"ip":2.002002002002,"op":362.362362362362,"st":2.002002002002,"bm":0,"completed":true},{"ddd":0,"ind":4,"ty":4,"nm":"p17","sr":1,"ks":{"o":{"a":1,"k":[{"i":{"x":[1],"y":[1]},"o":{"x":[0.01],"y":[0]},"t":1.001,"s":[100]},{"t":40.04004004004,"s":[0]}],"ix":11},"r":{"a":0,"k":0,"ix":10},"p":{"a":1,"k":[{"i":{"x":0,"y":1},"o":{"x":0.01,"y":0},"t":1.001,"s":[400,400,0],"to":[-82.167,-112.667,0],"ti":[73.167,-199.333,0]},{"t":40.04004004004,"s":[91,556,0]}],"ix":2},"a":{"a":0,"k":[0,0,0],"ix":1},"s":{"a":0,"k":[100,100,100],"ix":6}},"ao":0,"shapes":[{"ty":"gr","it":[{"ind":0,"ty":"sh","ix":1,"ks":{"a":0,"k":{"i":[[-5,-14.5],[-22.5,-8],[-19,9],[-1,1]],"o":[[-5,-14.5],[-22.5,-8],[-19,9],[-1,1]],"v":[[-5,-14.5],[-22.5,-8],[-19,9],[-1,1]],"c":true},"ix":2},"nm":"Path 1","mn":"ADBE Vector Shape - Group","hd":false,"_render":true},{"ty":"fl","c":{"a":0,"k":[0.9647058823529412,0.9568627450980393,0.9803921568627451,1],"ix":4},"o":{"a":0,"k":100,"ix":5},"r":1,"bm":0,"nm":"Fill 1","mn":"ADBE Vector Graphic - Fill","hd":false,"_render":true},{"ty":"tr","p":{"a":0,"k":[0,0],"ix":2},"a":{"a":0,"k":[0,0],"ix":1},"s":{"a":0,"k":[100,100],"ix":3},"r":{"a":0,"k":0,"ix":6},"o":{"a":0,"k":100,"ix":7},"sk":{"a":0,"k":0,"ix":4},"sa":{"a":0,"k":0,"ix":5},"nm":"Transform","_render":true}],"nm":"Shape 1","np":3,"cix":2,"bm":0,"ix":1,"mn":"ADBE Vector Group","hd":false,"_render":true}],"ip":1.001001001001,"op":361.361361361361,"st":1.001001001001,"bm":0,"completed":true},{"ddd":0,"ind":5,"ty":4,"nm":"p16","sr":1,"ks":{"o":{"a":1,"k":[{"i":{"x":[1],"y":[1]},"o":{"x":[0.01],"y":[0]},"t":0,"s":[100]},{"t":39.039039039039,"s":[0]}],"ix":11},"r":{"a":0,"k":0,"ix":10},"p":{"a":1,"k":[{"i":{"x":0,"y":1},"o":{"x":0.01,"y":0},"t":0,"s":[400,400,0],"to":[77.833,91.333,0],"ti":[51.167,60.667,0]},{"t":39.039039039039,"s":[511,308,0]}],"ix":2},"a":{"a":0,"k":[0,0,0],"ix":1},"s":{"a":0,"k":[100,100,100],"ix":6}},"ao":0,"shapes":[{"ty":"gr","it":[{"ind":0,"ty":"sh","ix":1,"ks":{"a":0,"k":{"i":[[7.855,-14.223],[-14.223,-7.855],[-7.855,14.223],[14.223,7.855]],"o":[[-7.855,-14.223],[-14.223,7.855],[7.855,14.223],[14.223,-7.855]],"v":[[0,-14.223],[-14.223,0],[0,14.223],[14.223,0]],"c":true},"ix":2},"nm":"Tracé 1","mn":"ADBE Vector Shape - Group","hd":false,"_render":true},{"ty":"fl","c":{"a":0,"k":[0.9647058823529412,0.9568627450980393,0.9803921568627451,1],"ix":4},"o":{"a":0,"k":100,"ix":5},"r":1,"bm":0,"nm":"Fond 1","mn":"ADBE Vector Graphic - Fill","hd":false,"_render":true},{"ty":"tr","p":{"a":0,"k":[0,0],"ix":2},"a":{"a":0,"k":[0,0],"ix":1},"s":{"a":0,"k":[80,80],"ix":3},"r":{"a":0,"k":0,"ix":6},"o":{"a":0,"k":100,"ix":7},"sk":{"a":0,"k":0,"ix":4},"sa":{"a":0,"k":0,"ix":5},"nm":"Transform","_render":true}],"nm":"Ellipse 1","np":3,"cix":2,"bm":0,"ix":1,"mn":"ADBE Vector Group","hd":false,"_render":true}],"ip":0,"op":360.36036036036,"st":0,"bm":0,"completed":true},{"ddd":0,"ind":6,"ty":4,"nm":"p15","sr":1,"ks":{"o":{"a":1,"k":[{"i":{"x":[1],"y":[1]},"o":{"x":[0.01],"y":[0]},"t":1.001,"s":[100]},{"t":40.04004004004,"s":[0]}],"ix":11},"r":{"a":0,"k":0,"ix":10},"p":{"a":1,"k":[{"i":{"x":0,"y":1},"o":{"x":0.01,"y":0},"t":1.001,"s":[400,400,0],"to":[-30.167,-122.667,0],"ti":[95.167,-53.333,0]},{"t":40.04004004004,"s":[155,280,0]}],"ix":2},"a":{"a":0,"k":[0,0,0],"ix":1},"s":{"a":0,"k":[100,100,100],"ix":6}},"ao":0,"shapes":[{"ty":"gr","it":[{"ind":0,"ty":"sh","ix":1,"ks":{"a":0,"k":{"i":[[-5,-14.5],[-22.5,-8],[-19,9],[-1,1]],"o":[[-5,-14.5],[-22.5,-8],[-19,9],[-1,1]],"v":[[-5,-14.5],[-22.5,-8],[-19,9],[-1,1]],"c":true},"ix":2},"nm":"Path 1","mn":"ADBE Vector Shape - Group","hd":false,"_render":true},{"ty":"fl","c":{"a":0,"k":[0.9647058823529412,0.9568627450980393,0.9803921568627451,1],"ix":4},"o":{"a":0,"k":100,"ix":5},"r":1,"bm":0,"nm":"Fill 1","mn":"ADBE Vector Graphic - Fill","hd":false,"_render":true},{"ty":"tr","p":{"a":0,"k":[0,0],"ix":2},"a":{"a":0,"k":[0,0],"ix":1},"s":{"a":0,"k":[100,100],"ix":3},"r":{"a":0,"k":0,"ix":6},"o":{"a":0,"k":100,"ix":7},"sk":{"a":0,"k":0,"ix":4},"sa":{"a":0,"k":0,"ix":5},"nm":"Transform","_render":true}],"nm":"Shape 1","np":3,"cix":2,"bm":0,"ix":1,"mn":"ADBE Vector Group","hd":false,"_render":true}],"ip":1.001001001001,"op":361.361361361361,"st":1.001001001001,"bm":0,"completed":true},{"ddd":0,"ind":7,"ty":4,"nm":"p14","sr":1,"ks":{"o":{"a":1,"k":[{"i":{"x":[1],"y":[1]},"o":{"x":[0.01],"y":[0]},"t":2.002,"s":[100]},{"t":41.041041041041,"s":[0]}],"ix":11},"r":{"a":0,"k":0,"ix":10},"p":{"a":1,"k":[{"i":{"x":0,"y":1},"o":{"x":0.01,"y":0},"t":2.002,"s":[400,400,0],"to":[143.833,49.333,0],"ti":[-58.833,48.667,0]},{"t":41.041041041041,"s":[681,388.872,0]}],"ix":2},"a":{"a":0,"k":[0,0,0],"ix":1},"s":{"a":0,"k":[100,100,100],"ix":6}},"ao":0,"shapes":[{"ty":"gr","it":[{"ind":0,"ty":"sh","ix":1,"ks":{"a":0,"k":{"i":[[19,-23.5],[24.5,-3.5],[36.647,-10.192]],"o":[[19,-23.5],[24.5,-3.5],[36.647,-10.192]],"v":[[19,-23.5],[24.5,-3.5],[36.647,-10.192]],"c":true},"ix":2},"nm":"Path 1","mn":"ADBE Vector Shape - Group","hd":false,"_render":true},{"ty":"st","c":{"a":0,"k":[0.9647058823529412,0.9568627450980393,0.9803921568627451,1],"ix":3},"o":{"a":0,"k":100,"ix":4},"w":{"a":0,"k":2,"ix":5},"lc":1,"lj":1,"ml":4,"bm":0,"nm":"Stroke 1","mn":"ADBE Vector Graphic - Stroke","hd":false,"_render":true},{"ty":"fl","c":{"a":0,"k":[0.9647058823529412,0.9568627450980393,0.9803921568627451,1],"ix":4},"o":{"a":0,"k":100,"ix":5},"r":1,"bm":0,"nm":"Fill 1","mn":"ADBE Vector Graphic - Fill","hd":false,"_render":true},{"ty":"tr","p":{"a":0,"k":[0,0],"ix":2},"a":{"a":0,"k":[0,0],"ix":1},"s":{"a":0,"k":[100,100],"ix":3},"r":{"a":0,"k":0,"ix":6},"o":{"a":0,"k":100,"ix":7},"sk":{"a":0,"k":0,"ix":4},"sa":{"a":0,"k":0,"ix":5},"nm":"Transform","_render":true}],"nm":"triangle","np":3,"cix":2,"bm":0,"ix":1,"mn":"ADBE Vector Group","hd":false,"_render":true}],"ip":2.002002002002,"op":362.362362362362,"st":2.002002002002,"bm":0,"completed":true},{"ddd":0,"ind":8,"ty":4,"nm":"p13","sr":1,"ks":{"o":{"a":1,"k":[{"i":{"x":[1],"y":[1]},"o":{"x":[0.01],"y":[0]},"t":3.003,"s":[100]},{"t":42.042042042042,"s":[0]}],"ix":11},"r":{"a":0,"k":0,"ix":10},"p":{"a":1,"k":[{"i":{"x":0,"y":1},"o":{"x":0.01,"y":0},"t":3.003,"s":[400,400,0],"to":[-24.167,-72.667,0],"ti":[75.167,-5.333,0]},{"t":42.042042042042,"s":[257,284,0]}],"ix":2},"a":{"a":0,"k":[0,0,0],"ix":1},"s":{"a":0,"k":[100,100,100],"ix":6}},"ao":0,"shapes":[{"ty":"gr","it":[{"ind":0,"ty":"sh","ix":1,"ks":{"a":0,"k":{"i":[[-5,-14.5],[-22.5,-8],[-19,9],[-1,1]],"o":[[-5,-14.5],[-22.5,-8],[-19,9],[-1,1]],"v":[[-5,-14.5],[-22.5,-8],[-19,9],[-1,1]],"c":true},"ix":2},"nm":"Path 1","mn":"ADBE Vector Shape - Group","hd":false,"_render":true},{"ty":"fl","c":{"a":0,"k":[0.9647058823529412,0.9568627450980393,0.9803921568627451,1],"ix":4},"o":{"a":0,"k":100,"ix":5},"r":1,"bm":0,"nm":"Fill 1","mn":"ADBE Vector Graphic - Fill","hd":false,"_render":true},{"ty":"tr","p":{"a":0,"k":[0,0],"ix":2},"a":{"a":0,"k":[0,0],"ix":1},"s":{"a":0,"k":[100,100],"ix":3},"r":{"a":0,"k":0,"ix":6},"o":{"a":0,"k":100,"ix":7},"sk":{"a":0,"k":0,"ix":4},"sa":{"a":0,"k":0,"ix":5},"nm":"Transform","_render":true}],"nm":"Shape 1","np":3,"cix":2,"bm":0,"ix":1,"mn":"ADBE Vector Group","hd":false,"_render":true}],"ip":3.003003003003,"op":363.363363363363,"st":3.003003003003,"bm":0,"completed":true},{"ddd":0,"ind":9,"ty":4,"nm":"p12","sr":1,"ks":{"o":{"a":1,"k":[{"i":{"x":[1],"y":[1]},"o":{"x":[0.01],"y":[0]},"t":4.004,"s":[100]},{"t":43.043043043043,"s":[0]}],"ix":11},"r":{"a":0,"k":0,"ix":10},"p":{"a":1,"k":[{"i":{"x":0,"y":1},"o":{"x":0.01,"y":0},"t":4.004,"s":[400,400,0],"to":[-14.167,31.333,0],"ti":[65.167,-13.333,0]},{"t":43.043043043043,"s":[301,474,0]}],"ix":2},"a":{"a":0,"k":[0,0,0],"ix":1},"s":{"a":0,"k":[100,100,100],"ix":6}},"ao":0,"shapes":[{"ty":"gr","it":[{"ind":0,"ty":"sh","ix":1,"ks":{"a":0,"k":{"i":[[-5,-14.5],[-22.5,-8],[-19,9],[-1,1]],"o":[[-5,-14.5],[-22.5,-8],[-19,9],[-1,1]],"v":[[-5,-14.5],[-22.5,-8],[-19,9],[-1,1]],"c":true},"ix":2},"nm":"Path 1","mn":"ADBE Vector Shape - Group","hd":false,"_render":true},{"ty":"fl","c":{"a":0,"k":[0.9647058823529412,0.9568627450980393,0.9803921568627451,1],"ix":4},"o":{"a":0,"k":100,"ix":5},"r":1,"bm":0,"nm":"Fill 1","mn":"ADBE Vector Graphic - Fill","hd":false,"_render":true},{"ty":"tr","p":{"a":0,"k":[0,0],"ix":2},"a":{"a":0,"k":[0,0],"ix":1},"s":{"a":0,"k":[100,100],"ix":3},"r":{"a":0,"k":0,"ix":6},"o":{"a":0,"k":100,"ix":7},"sk":{"a":0,"k":0,"ix":4},"sa":{"a":0,"k":0,"ix":5},"nm":"Transform","_render":true}],"nm":"Shape 1","np":3,"cix":2,"bm":0,"ix":1,"mn":"ADBE Vector Group","hd":false,"_render":true}],"ip":4.004004004004,"op":364.364364364364,"st":4.004004004004,"bm":0,"completed":true},{"ddd":0,"ind":10,"ty":4,"nm":"p11","sr":1,"ks":{"o":{"a":1,"k":[{"i":{"x":[1],"y":[1]},"o":{"x":[0.01],"y":[0]},"t":0,"s":[100]},{"t":39.039039039039,"s":[0]}],"ix":11},"r":{"a":0,"k":0,"ix":10},"p":{"a":1,"k":[{"i":{"x":0,"y":1},"o":{"x":0.01,"y":0},"t":0,"s":[400,400,0],"to":[-8.167,63.333,0],"ti":[-62.833,-29.333,0]},{"t":39.039039039039,"s":[499,570,0]}],"ix":2},"a":{"a":0,"k":[0,0,0],"ix":1},"s":{"a":0,"k":[100,100,100],"ix":6}},"ao":0,"shapes":[{"ty":"gr","it":[{"ind":0,"ty":"sh","ix":1,"ks":{"a":0,"k":{"i":[[7.855,-14.223],[-14.223,-7.855],[-7.855,14.223],[14.223,7.855]],"o":[[-7.855,-14.223],[-14.223,7.855],[7.855,14.223],[14.223,-7.855]],"v":[[0,-14.223],[-14.223,0],[0,14.223],[14.223,0]],"c":true},"ix":2},"nm":"Tracé 1","mn":"ADBE Vector Shape - Group","hd":false,"_render":true},{"ty":"fl","c":{"a":0,"k":[0.9647058823529412,0.9568627450980393,0.9803921568627451,1],"ix":4},"o":{"a":0,"k":100,"ix":5},"r":1,"bm":0,"nm":"Fond 1","mn":"ADBE Vector Graphic - Fill","hd":false,"_render":true},{"ty":"tr","p":{"a":0,"k":[0,0],"ix":2},"a":{"a":0,"k":[0,0],"ix":1},"s":{"a":0,"k":[80,80],"ix":3},"r":{"a":0,"k":0,"ix":6},"o":{"a":0,"k":100,"ix":7},"sk":{"a":0,"k":0,"ix":4},"sa":{"a":0,"k":0,"ix":5},"nm":"Transform","_render":true}],"nm":"Ellipse 1","np":3,"cix":2,"bm":0,"ix":1,"mn":"ADBE Vector Group","hd":false,"_render":true}],"ip":0,"op":360.36036036036,"st":0,"bm":0,"completed":true},{"ddd":0,"ind":11,"ty":4,"nm":"p10","sr":1,"ks":{"o":{"a":1,"k":[{"i":{"x":[1],"y":[1]},"o":{"x":[0.01],"y":[0]},"t":1.001,"s":[100]},{"t":40.04004004004,"s":[0]}],"ix":11},"r":{"a":0,"k":0,"ix":10},"p":{"a":1,"k":[{"i":{"x":0,"y":1},"o":{"x":0.01,"y":0},"t":1.001,"s":[400,400,0],"to":[81.833,-104.667,0],"ti":[-58.833,104.667,0]},{"t":40.04004004004,"s":[557,68,0]}],"ix":2},"a":{"a":0,"k":[0,0,0],"ix":1},"s":{"a":0,"k":[100,100,100],"ix":6}},"ao":0,"shapes":[{"ty":"gr","it":[{"ind":0,"ty":"sh","ix":1,"ks":{"a":0,"k":{"i":[[7.855,-14.223],[-14.223,-7.855],[-7.855,14.223],[14.223,7.855]],"o":[[-7.855,-14.223],[-14.223,7.855],[7.855,14.223],[14.223,-7.855]],"v":[[0,-14.223],[-14.223,0],[0,14.223],[14.223,0]],"c":true},"ix":2},"nm":"Tracé 1","mn":"ADBE Vector Shape - Group","hd":false,"_render":true},{"ty":"fl","c":{"a":0,"k":[0.9647058823529412,0.9568627450980393,0.9803921568627451,1],"ix":4},"o":{"a":0,"k":100,"ix":5},"r":1,"bm":0,"nm":"Fond 1","mn":"ADBE Vector Graphic - Fill","hd":false,"_render":true},{"ty":"tr","p":{"a":0,"k":[0,0],"ix":2},"a":{"a":0,"k":[0,0],"ix":1},"s":{"a":0,"k":[80,80],"ix":3},"r":{"a":0,"k":0,"ix":6},"o":{"a":0,"k":100,"ix":7},"sk":{"a":0,"k":0,"ix":4},"sa":{"a":0,"k":0,"ix":5},"nm":"Transform","_render":true}],"nm":"Ellipse 1","np":3,"cix":2,"bm":0,"ix":1,"mn":"ADBE Vector Group","hd":false,"_render":true}],"ip":1.001001001001,"op":361.361361361361,"st":1.001001001001,"bm":0,"completed":true},{"ddd":0,"ind":12,"ty":4,"nm":"p9","sr":1,"ks":{"o":{"a":1,"k":[{"i":{"x":[1],"y":[1]},"o":{"x":[0.01],"y":[0]},"t":2.002,"s":[100]},{"t":41.041041041041,"s":[0]}],"ix":11},"r":{"a":0,"k":0,"ix":10},"p":{"a":1,"k":[{"i":{"x":0,"y":1},"o":{"x":0.01,"y":0},"t":2.002,"s":[400,400,0],"to":[151.833,-46.667,0],"ti":[-26.833,72.667,0]},{"t":41.041041041041,"s":[715,138,0]}],"ix":2},"a":{"a":0,"k":[0,0,0],"ix":1},"s":{"a":0,"k":[100,100,100],"ix":6}},"ao":0,"shapes":[{"ty":"gr","it":[{"ind":0,"ty":"sh","ix":1,"ks":{"a":0,"k":{"i":[[-5,-14.5],[-22.5,-8],[-19,9],[-1,1]],"o":[[-5,-14.5],[-22.5,-8],[-19,9],[-1,1]],"v":[[-5,-14.5],[-22.5,-8],[-19,9],[-1,1]],"c":true},"ix":2},"nm":"Path 1","mn":"ADBE Vector Shape - Group","hd":false,"_render":true},{"ty":"fl","c":{"a":0,"k":[0.9647058823529412,0.9568627450980393,0.9803921568627451,1],"ix":4},"o":{"a":0,"k":100,"ix":5},"r":1,"bm":0,"nm":"Fill 1","mn":"ADBE Vector Graphic - Fill","hd":false,"_render":true},{"ty":"tr","p":{"a":0,"k":[0,0],"ix":2},"a":{"a":0,"k":[0,0],"ix":1},"s":{"a":0,"k":[100,100],"ix":3},"r":{"a":0,"k":0,"ix":6},"o":{"a":0,"k":100,"ix":7},"sk":{"a":0,"k":0,"ix":4},"sa":{"a":0,"k":0,"ix":5},"nm":"Transform","_render":true}],"nm":"Shape 1","np":3,"cix":2,"bm":0,"ix":1,"mn":"ADBE Vector Group","hd":false,"_render":true}],"ip":2.002002002002,"op":362.362362362362,"st":2.002002002002,"bm":0,"completed":true},{"ddd":0,"ind":13,"ty":4,"nm":"p8","sr":1,"ks":{"o":{"a":1,"k":[{"i":{"x":[1],"y":[1]},"o":{"x":[0.01],"y":[0]},"t":3.003,"s":[100]},{"t":42.042042042042,"s":[0]}],"ix":11},"r":{"a":0,"k":0,"ix":10},"p":{"a":1,"k":[{"i":{"x":0,"y":1},"o":{"x":0.01,"y":0},"t":3.003,"s":[400,400,0],"to":[107.833,89.333,0],"ti":[-92.833,-103.333,0]},{"t":42.042042042042,"s":[679,664,0]}],"ix":2},"a":{"a":0,"k":[0,0,0],"ix":1},"s":{"a":0,"k":[100,100,100],"ix":6}},"ao":0,"shapes":[{"ty":"gr","it":[{"ind":0,"ty":"sh","ix":1,"ks":{"a":0,"k":{"i":[[19,-23.5],[24.5,-3.5],[36.647,-10.192]],"o":[[19,-23.5],[24.5,-3.5],[36.647,-10.192]],"v":[[19,-23.5],[24.5,-3.5],[36.647,-10.192]],"c":true},"ix":2},"nm":"Path 1","mn":"ADBE Vector Shape - Group","hd":false,"_render":true},{"ty":"fl","c":{"a":0,"k":[0.9647058823529412,0.9568627450980393,0.9803921568627451,1],"ix":4},"o":{"a":0,"k":100,"ix":5},"r":1,"bm":0,"nm":"Fill 1","mn":"ADBE Vector Graphic - Fill","hd":false,"_render":true},{"ty":"tr","p":{"a":0,"k":[0,0],"ix":2},"a":{"a":0,"k":[0,0],"ix":1},"s":{"a":0,"k":[100,100],"ix":3},"r":{"a":0,"k":0,"ix":6},"o":{"a":0,"k":100,"ix":7},"sk":{"a":0,"k":0,"ix":4},"sa":{"a":0,"k":0,"ix":5},"nm":"Transform","_render":true}],"nm":"triangle","np":3,"cix":2,"bm":0,"ix":1,"mn":"ADBE Vector Group","hd":false,"_render":true}],"ip":3.003003003003,"op":363.363363363363,"st":3.003003003003,"bm":0,"completed":true},{"ddd":0,"ind":14,"ty":4,"nm":"p7","sr":1,"ks":{"o":{"a":1,"k":[{"i":{"x":[1],"y":[1]},"o":{"x":[0.01],"y":[0]},"t":4.004,"s":[100]},{"t":43.043043043043,"s":[0]}],"ix":11},"r":{"a":0,"k":0,"ix":10},"p":{"a":1,"k":[{"i":{"x":0,"y":1},"o":{"x":0.01,"y":0},"t":4.004,"s":[400,400,0],"to":[-36.167,53.333,0],"ti":[75.167,-39.333,0]},{"t":43.043043043043,"s":[97,686,0]}],"ix":2},"a":{"a":0,"k":[0,0,0],"ix":1},"s":{"a":0,"k":[100,100,100],"ix":6}},"ao":0,"shapes":[{"ty":"gr","it":[{"ind":0,"ty":"sh","ix":1,"ks":{"a":0,"k":{"i":[[19,-23.5],[24.5,-3.5],[36.647,-10.192]],"o":[[19,-23.5],[24.5,-3.5],[36.647,-10.192]],"v":[[19,-23.5],[24.5,-3.5],[36.647,-10.192]],"c":true},"ix":2},"nm":"Path 1","mn":"ADBE Vector Shape - Group","hd":false,"_render":true},{"ty":"fl","c":{"a":0,"k":[0.9647058823529412,0.9568627450980393,0.9803921568627451,1],"ix":4},"o":{"a":0,"k":100,"ix":5},"r":1,"bm":0,"nm":"Fill 1","mn":"ADBE Vector Graphic - Fill","hd":false,"_render":true},{"ty":"tr","p":{"a":0,"k":[0,0],"ix":2},"a":{"a":0,"k":[0,0],"ix":1},"s":{"a":0,"k":[100,100],"ix":3},"r":{"a":0,"k":0,"ix":6},"o":{"a":0,"k":100,"ix":7},"sk":{"a":0,"k":0,"ix":4},"sa":{"a":0,"k":0,"ix":5},"nm":"Transform","_render":true}],"nm":"triangle","np":3,"cix":2,"bm":0,"ix":1,"mn":"ADBE Vector Group","hd":false,"_render":true}],"ip":4.004004004004,"op":364.364364364364,"st":4.004004004004,"bm":0,"completed":true},{"ddd":0,"ind":15,"ty":4,"nm":"p6","sr":1,"ks":{"o":{"a":1,"k":[{"i":{"x":[1],"y":[1]},"o":{"x":[0.01],"y":[0]},"t":5.005,"s":[100]},{"t":44.044044044044,"s":[0]}],"ix":11},"r":{"a":0,"k":0,"ix":10},"p":{"a":1,"k":[{"i":{"x":0,"y":1},"o":{"x":0.01,"y":0},"t":5.005,"s":[400,400,0],"to":[-148.167,-132.667,0],"ti":[61.167,-65.333,0]},{"t":44.044044044044,"s":[65,340,0]}],"ix":2},"a":{"a":0,"k":[0,0,0],"ix":1},"s":{"a":0,"k":[100,100,100],"ix":6}},"ao":0,"shapes":[{"ty":"gr","it":[{"ind":0,"ty":"sh","ix":1,"ks":{"a":0,"k":{"i":[[15,14.5],[15,3.75],[1,6.75],[2,-8.5],[-13,-5],[-12.5,-17.25],[-24.75,-12.75],[-23,-23.5],[-33.75,-21.25]],"o":[[15,14.5],[15,3.75],[1,6.75],[2,-8.5],[-13,-5],[-12.5,-17.25],[-24.75,-12.75],[-23,-23.5],[-33.75,-21.25]],"v":[[15,14.5],[15,3.75],[1,6.75],[2,-8.5],[-13,-5],[-12.5,-17.25],[-24.75,-12.75],[-23,-23.5],[-33.75,-21.25]],"c":false},"ix":2},"nm":"Path 1","mn":"ADBE Vector Shape - Group","hd":false,"_render":true},{"ty":"st","c":{"a":0,"k":[0.9647058823529412,0.9568627450980393,0.9803921568627451,1],"ix":3},"o":{"a":0,"k":100,"ix":4},"w":{"a":0,"k":5,"ix":5},"lc":1,"lj":1,"ml":4,"bm":0,"nm":"Stroke 1","mn":"ADBE Vector Graphic - Stroke","hd":false,"_render":true},{"ty":"tr","p":{"a":0,"k":[0,0],"ix":2},"a":{"a":0,"k":[0,0],"ix":1},"s":{"a":0,"k":[100,100],"ix":3},"r":{"a":0,"k":0,"ix":6},"o":{"a":0,"k":100,"ix":7},"sk":{"a":0,"k":0,"ix":4},"sa":{"a":0,"k":0,"ix":5},"nm":"Transform","_render":true}],"nm":"Shape 1","np":3,"cix":2,"bm":0,"ix":1,"mn":"ADBE Vector Group","hd":false,"_render":true}],"ip":5.00500500500501,"op":365.365365365365,"st":5.00500500500501,"bm":0,"completed":true},{"ddd":0,"ind":16,"ty":4,"nm":"p5","sr":1,"ks":{"o":{"a":1,"k":[{"i":{"x":[1],"y":[1]},"o":{"x":[0.01],"y":[0]},"t":6.006,"s":[100]},{"t":45.045045045045,"s":[0]}],"ix":11},"r":{"a":0,"k":0,"ix":10},"p":{"a":1,"k":[{"i":{"x":0.004,"y":0.691},"o":{"x":0.014,"y":0},"t":6.006,"s":[400,400,0],"to":[-55.38,-168.204,0],"ti":[27.03,124.27,0]},{"t":45.045045045045,"s":[400,23.613,0]}],"ix":2},"a":{"a":0,"k":[0,0,0],"ix":1},"s":{"a":0,"k":[100,100,100],"ix":6}},"ao":0,"shapes":[{"ty":"gr","it":[{"ind":0,"ty":"sh","ix":1,"ks":{"a":0,"k":{"i":[[19,-23.5],[24.5,-3.5],[36.647,-10.192]],"o":[[19,-23.5],[24.5,-3.5],[36.647,-10.192]],"v":[[19,-23.5],[24.5,-3.5],[36.647,-10.192]],"c":true},"ix":2},"nm":"Path 1","mn":"ADBE Vector Shape - Group","hd":false,"_render":true},{"ty":"st","c":{"a":0,"k":[0.9647058823529412,0.9568627450980393,0.9803921568627451,1],"ix":3},"o":{"a":0,"k":100,"ix":4},"w":{"a":0,"k":2,"ix":5},"lc":1,"lj":1,"ml":4,"bm":0,"nm":"Stroke 1","mn":"ADBE Vector Graphic - Stroke","hd":false,"_render":true},{"ty":"fl","c":{"a":0,"k":[0.9647058823529412,0.9568627450980393,0.9803921568627451,1],"ix":4},"o":{"a":0,"k":100,"ix":5},"r":1,"bm":0,"nm":"Fill 1","mn":"ADBE Vector Graphic - Fill","hd":false,"_render":true},{"ty":"tr","p":{"a":0,"k":[0,0],"ix":2},"a":{"a":0,"k":[0,0],"ix":1},"s":{"a":0,"k":[100,100],"ix":3},"r":{"a":0,"k":0,"ix":6},"o":{"a":0,"k":100,"ix":7},"sk":{"a":0,"k":0,"ix":4},"sa":{"a":0,"k":0,"ix":5},"nm":"Transform","_render":true}],"nm":"triangle","np":3,"cix":2,"bm":0,"ix":1,"mn":"ADBE Vector Group","hd":false,"_render":true}],"ip":6.00600600600601,"op":366.366366366366,"st":6.00600600600601,"bm":0,"completed":true},{"ddd":0,"ind":17,"ty":4,"nm":"p4","sr":1,"ks":{"o":{"a":1,"k":[{"i":{"x":[1],"y":[1]},"o":{"x":[0.01],"y":[0]},"t":7.007,"s":[100]},{"t":46.046046046046,"s":[0]}],"ix":11},"r":{"a":0,"k":0,"ix":10},"p":{"a":1,"k":[{"i":{"x":0,"y":1},"o":{"x":0.01,"y":0},"t":7.007,"s":[400,400,0],"to":[109.833,69.333,0],"ti":[97.167,0.667,0]},{"t":46.046046046046,"s":[303,660,0]}],"ix":2},"a":{"a":0,"k":[0,0,0],"ix":1},"s":{"a":0,"k":[100,100,100],"ix":6}},"ao":0,"shapes":[{"ty":"gr","it":[{"ind":0,"ty":"sh","ix":1,"ks":{"a":0,"k":{"i":[[7.855,-14.223],[-14.223,-7.855],[-7.855,14.223],[14.223,7.855]],"o":[[-7.855,-14.223],[-14.223,7.855],[7.855,14.223],[14.223,-7.855]],"v":[[0,-14.223],[-14.223,0],[0,14.223],[14.223,0]],"c":true},"ix":2},"nm":"Tracé 1","mn":"ADBE Vector Shape - Group","hd":false,"_render":true},{"ty":"st","c":{"a":0,"k":[0.9647058823529412,0.9568627450980393,0.9803921568627451,1],"ix":3},"o":{"a":0,"k":100,"ix":4},"w":{"a":0,"k":30,"ix":5},"lc":1,"lj":1,"ml":4,"bm":0,"nm":"Contour 1","mn":"ADBE Vector Graphic - Stroke","hd":false,"_render":true},{"ty":"fl","c":{"a":0,"k":[0.9647058823529412,0.9568627450980393,0.9803921568627451,1],"ix":4},"o":{"a":0,"k":100,"ix":5},"r":1,"bm":0,"nm":"Fond 1","mn":"ADBE Vector Graphic - Fill","hd":false,"_render":true},{"ty":"tr","p":{"a":0,"k":[0,0],"ix":2},"a":{"a":0,"k":[0,0],"ix":1},"s":{"a":0,"k":[80,80],"ix":3},"r":{"a":0,"k":0,"ix":6},"o":{"a":0,"k":100,"ix":7},"sk":{"a":0,"k":0,"ix":4},"sa":{"a":0,"k":0,"ix":5},"nm":"Transform","_render":true}],"nm":"Ellipse 1","np":3,"cix":2,"bm":0,"ix":1,"mn":"ADBE Vector Group","hd":false,"_render":true}],"ip":7.00700700700701,"op":367.367367367367,"st":7.00700700700701,"bm":0,"completed":true},{"ddd":0,"ind":18,"ty":4,"nm":"p3","sr":1,"ks":{"o":{"a":1,"k":[{"i":{"x":[1],"y":[1]},"o":{"x":[0.01],"y":[0]},"t":8.008,"s":[100]},{"t":47.047047047047,"s":[0]}],"ix":11},"r":{"a":0,"k":0,"ix":10},"p":{"a":1,"k":[{"i":{"x":0,"y":1},"o":{"x":0.01,"y":0},"t":8.008,"s":[400,400,0],"to":[41.833,109.333,0],"ti":[-71.833,39.667,0]},{"t":47.047047047047,"s":[663,498,0]}],"ix":2},"a":{"a":0,"k":[0,0,0],"ix":1},"s":{"a":0,"k":[100,100,100],"ix":6}},"ao":0,"shapes":[{"ty":"gr","it":[{"ind":0,"ty":"sh","ix":1,"ks":{"a":0,"k":{"i":[[19,-23.5],[24.5,-3.5],[36.647,-10.192]],"o":[[19,-23.5],[24.5,-3.5],[36.647,-10.192]],"v":[[19,-23.5],[24.5,-3.5],[36.647,-10.192]],"c":true},"ix":2},"nm":"Path 1","mn":"ADBE Vector Shape - Group","hd":false,"_render":true},{"ty":"st","c":{"a":0,"k":[0.9647058823529412,0.9568627450980393,0.9803921568627451,1],"ix":3},"o":{"a":0,"k":100,"ix":4},"w":{"a":0,"k":2,"ix":5},"lc":1,"lj":1,"ml":4,"bm":0,"nm":"Stroke 1","mn":"ADBE Vector Graphic - Stroke","hd":false,"_render":true},{"ty":"fl","c":{"a":0,"k":[0.9647058823529412,0.9568627450980393,0.9803921568627451,1],"ix":4},"o":{"a":0,"k":100,"ix":5},"r":1,"bm":0,"nm":"Fill 1","mn":"ADBE Vector Graphic - Fill","hd":false,"_render":true},{"ty":"tr","p":{"a":0,"k":[0,0],"ix":2},"a":{"a":0,"k":[0,0],"ix":1},"s":{"a":0,"k":[100,100],"ix":3},"r":{"a":0,"k":0,"ix":6},"o":{"a":0,"k":100,"ix":7},"sk":{"a":0,"k":0,"ix":4},"sa":{"a":0,"k":0,"ix":5},"nm":"Transform","_render":true}],"nm":"triangle","np":3,"cix":2,"bm":0,"ix":1,"mn":"ADBE Vector Group","hd":false,"_render":true}],"ip":8.00800800800801,"op":368.368368368368,"st":8.00800800800801,"bm":0,"completed":true},{"ddd":0,"ind":19,"ty":4,"nm":"p2","sr":1,"ks":{"o":{"a":1,"k":[{"i":{"x":[1],"y":[1]},"o":{"x":[0.01],"y":[0]},"t":9.009,"s":[100]},{"t":48.0480480480481,"s":[0]}],"ix":11},"r":{"a":0,"k":0,"ix":10},"p":{"a":1,"k":[{"i":{"x":0,"y":1},"o":{"x":0.01,"y":0},"t":9.009,"s":[400,400,0],"to":[-0.167,-158.667,0],"ti":[89.167,6.667,0]},{"t":48.0480480480481,"s":[187,88,0]}],"ix":2},"a":{"a":0,"k":[0,0,0],"ix":1},"s":{"a":0,"k":[100,100,100],"ix":6}},"ao":0,"shapes":[{"ty":"gr","it":[{"ind":0,"ty":"sh","ix":1,"ks":{"a":0,"k":{"i":[[7.855,-14.223],[-14.223,-7.855],[-7.855,14.223],[14.223,7.855]],"o":[[-7.855,-14.223],[-14.223,7.855],[7.855,14.223],[14.223,-7.855]],"v":[[0,-14.223],[-14.223,0],[0,14.223],[14.223,0]],"c":true},"ix":2},"nm":"Tracé 1","mn":"ADBE Vector Shape - Group","hd":false,"_render":true},{"ty":"fl","c":{"a":0,"k":[0.9647058823529412,0.9568627450980393,0.9803921568627451,1],"ix":4},"o":{"a":0,"k":100,"ix":5},"r":1,"bm":0,"nm":"Fond 1","mn":"ADBE Vector Graphic - Fill","hd":false,"_render":true},{"ty":"tr","p":{"a":0,"k":[0,0],"ix":2},"a":{"a":0,"k":[0,0],"ix":1},"s":{"a":0,"k":[80,80],"ix":3},"r":{"a":0,"k":0,"ix":6},"o":{"a":0,"k":100,"ix":7},"sk":{"a":0,"k":0,"ix":4},"sa":{"a":0,"k":0,"ix":5},"nm":"Transform","_render":true}],"nm":"Ellipse 1","np":3,"cix":2,"bm":0,"ix":1,"mn":"ADBE Vector Group","hd":false,"_render":true}],"ip":9.00900900900901,"op":369.369369369369,"st":9.00900900900901,"bm":0,"completed":true},{"ddd":0,"ind":20,"ty":4,"nm":"p1","sr":1,"ks":{"o":{"a":1,"k":[{"i":{"x":[1],"y":[1]},"o":{"x":[0.01],"y":[0]},"t":0,"s":[100]},{"t":39.039039039039,"s":[0]}],"ix":11},"r":{"a":0,"k":0,"ix":10},"p":{"a":1,"k":[{"i":{"x":0,"y":1},"o":{"x":0.01,"y":0},"t":0,"s":[400,400,0],"to":[-0.167,-158.667,0],"ti":[-92.833,-103.333,0]},{"t":39.039039039039,"s":[621,234,0]}],"ix":2},"a":{"a":0,"k":[0,0,0],"ix":1},"s":{"a":0,"k":[100,100,100],"ix":6}},"ao":0,"shapes":[{"ty":"gr","it":[{"ind":0,"ty":"sh","ix":1,"ks":{"a":0,"k":{"i":[[14.5,-8.25],[25.25,-11.75],[21.75,2],[36.25,0.75],[33,18.75],[52.25,18.25],[53.75,36.75]],"o":[[14.5,-8.25],[27.25,-2.25],[29.25,7.5],[42.75,13.25],[45.5,23.25],[56.25,32.25],[53.75,36.75]],"v":[[14.5,-8.25],[26.25,-7],[25.5,4.75],[39.5,7],[39.25,21],[54.25,25.25],[53.75,36.75]],"c":false},"ix":2},"nm":"Path 1","mn":"ADBE Vector Shape - Group","hd":false,"_render":true},{"ty":"st","c":{"a":0,"k":[0.9647058823529412,0.9568627450980393,0.9803921568627451,1],"ix":3},"o":{"a":0,"k":100,"ix":4},"w":{"a":0,"k":2,"ix":5},"lc":1,"lj":1,"ml":4,"bm":0,"nm":"Stroke 1","mn":"ADBE Vector Graphic - Stroke","hd":false,"_render":true},{"ty":"tr","p":{"a":0,"k":[0,0],"ix":2},"a":{"a":0,"k":[0,0],"ix":1},"s":{"a":0,"k":[100,100],"ix":3},"r":{"a":0,"k":0,"ix":6},"o":{"a":0,"k":100,"ix":7},"sk":{"a":0,"k":0,"ix":4},"sa":{"a":0,"k":0,"ix":5},"nm":"Transform","_render":true}],"nm":"Shape 2","np":3,"cix":2,"bm":0,"ix":1,"mn":"ADBE Vector Group","hd":false,"_render":true}],"ip":0,"op":360.36036036036,"st":0,"bm":0,"completed":true}]}],"layers":[{"ddd":0,"ind":1,"ty":4,"nm":"Layer 5 Outlines 12","sr":1,"ks":{"o":{"a":0,"k":100,"ix":11},"r":{"a":0,"k":0,"ix":10},"p":{"a":0,"k":[247.568,169.367,0],"ix":2},"a":{"a":0,"k":[291.11,313.003,0],"ix":1},"s":{"a":0,"k":[137.6,-137.6,100],"ix":6}},"ao":0,"shapes":[{"ty":"gr","it":[{"ind":0,"ty":"sh","ix":1,"ks":{"a":0,"k":{"i":[[15.504,-5.77],[16.11,21.032]],"o":[[15.504,-5.77],[16.11,21.032]],"v":[[15.504,-5.77],[16.11,21.032]],"c":false},"ix":2},"nm":"Path 1","mn":"ADBE Vector Shape - Group","hd":false,"_render":true},{"ty":"fl","c":{"a":0,"k":[1,0.44313725490196076,0,1],"ix":4},"o":{"a":0,"k":100,"ix":5},"r":1,"bm":0,"nm":"Fill 1","mn":"ADBE Vector Graphic - Fill","hd":false,"_render":true},{"ty":"tr","p":{"a":0,"k":[275.486,313.412],"ix":2},"a":{"a":0,"k":[0,0],"ix":1},"s":{"a":0,"k":[100,100],"ix":3},"r":{"a":0,"k":0,"ix":6},"o":{"a":0,"k":100,"ix":7},"sk":{"a":0,"k":0,"ix":4},"sa":{"a":0,"k":0,"ix":5},"nm":"Transform","_render":true}],"nm":"Group 1","np":2,"cix":2,"bm":0,"ix":1,"mn":"ADBE Vector Group","hd":false,"_render":true},{"ty":"tm","s":{"a":1,"k":[{"i":{"x":[0.667],"y":[1]},"o":{"x":[0.893],"y":[0]},"t":81,"s":[0]},{"t":90,"s":[100]}],"ix":1},"e":{"a":1,"k":[{"i":{"x":[0.667],"y":[1]},"o":{"x":[0.893],"y":[0]},"t":75,"s":[0]},{"t":85,"s":[100]}],"ix":2},"o":{"a":0,"k":0,"ix":3},"m":1,"ix":2,"nm":"Trim Paths 1","mn":"ADBE Vector Filter - Trim","hd":false,"_render":true},{"ty":"st","c":{"a":0,"k":[1,0.44313725490196076,0,1],"ix":3},"o":{"a":0,"k":100,"ix":4},"w":{"a":0,"k":4,"ix":5},"lc":2,"lj":2,"bm":0,"nm":"Stroke 1","mn":"ADBE Vector Graphic - Stroke","hd":false,"_render":true}],"ip":75,"op":91,"st":0,"bm":0,"completed":true},{"ddd":0,"ind":2,"ty":4,"nm":"Layer 5 Outlines 11","sr":1,"ks":{"o":{"a":0,"k":100,"ix":11},"r":{"a":0,"k":0,"ix":10},"p":{"a":0,"k":[216.668,182.267,0],"ix":2},"a":{"a":0,"k":[279.192,306.898,0],"ix":1},"s":{"a":0,"k":[137.6,-137.6,100],"ix":6}},"ao":0,"shapes":[{"ty":"gr","it":[{"ind":0,"ty":"sh","ix":1,"ks":{"a":0,"k":{"i":[[5.693,-12.311],[-18.774,16.671]],"o":[[5.693,-12.311],[-18.774,16.671]],"v":[[5.693,-12.311],[-18.774,16.671]],"c":false},"ix":2},"nm":"Path 1","mn":"ADBE Vector Shape - Group","hd":false,"_render":true},{"ty":"fl","c":{"a":0,"k":[1,0.44313725490196076,0,1],"ix":4},"o":{"a":0,"k":100,"ix":5},"r":1,"bm":0,"nm":"Fill 1","mn":"ADBE Vector Graphic - Fill","hd":false,"_render":true},{"ty":"tr","p":{"a":0,"k":[275.486,313.412],"ix":2},"a":{"a":0,"k":[0,0],"ix":1},"s":{"a":0,"k":[100,100],"ix":3},"r":{"a":0,"k":0,"ix":6},"o":{"a":0,"k":100,"ix":7},"sk":{"a":0,"k":0,"ix":4},"sa":{"a":0,"k":0,"ix":5},"nm":"Transform","_render":true}],"nm":"Group 1","np":2,"cix":2,"bm":0,"ix":1,"mn":"ADBE Vector Group","hd":false,"_render":true},{"ty":"tm","s":{"a":1,"k":[{"i":{"x":[0.667],"y":[1]},"o":{"x":[0.893],"y":[0]},"t":81,"s":[0]},{"t":90,"s":[100]}],"ix":1},"e":{"a":1,"k":[{"i":{"x":[0.667],"y":[1]},"o":{"x":[0.893],"y":[0]},"t":75,"s":[0]},{"t":85,"s":[100]}],"ix":2},"o":{"a":0,"k":0,"ix":3},"m":1,"ix":2,"nm":"Trim Paths 1","mn":"ADBE Vector Filter - Trim","hd":false,"_render":true},{"ty":"st","c":{"a":0,"k":[1,0.44313725490196076,0,1],"ix":3},"o":{"a":0,"k":100,"ix":4},"w":{"a":0,"k":4,"ix":5},"lc":2,"lj":2,"bm":0,"nm":"Stroke 1","mn":"ADBE Vector Graphic - Stroke","hd":false,"_render":true}],"ip":75,"op":91,"st":0,"bm":0,"completed":true},{"ddd":0,"ind":3,"ty":4,"nm":"Layer 5 Outlines 10","sr":1,"ks":{"o":{"a":0,"k":100,"ix":11},"r":{"a":0,"k":0,"ix":10},"p":{"a":0,"k":[285.468,180.585,0],"ix":2},"a":{"a":0,"k":[272.142,305.577,0],"ix":1},"s":{"a":0,"k":[137.6,-137.6,100],"ix":6}},"ao":0,"shapes":[{"ty":"gr","it":[{"ind":0,"ty":"sh","ix":1,"ks":{"a":0,"k":{"i":[[-5.572,-13.06],[12.113,13.06]],"o":[[-5.572,-13.06],[12.113,13.06]],"v":[[-5.572,-13.06],[12.113,13.06]],"c":false},"ix":2},"nm":"Path 1","mn":"ADBE Vector Shape - Group","hd":false,"_render":true},{"ty":"fl","c":{"a":0,"k":[1,0.44313725490196076,0,1],"ix":4},"o":{"a":0,"k":100,"ix":5},"r":1,"bm":0,"nm":"Fill 1","mn":"ADBE Vector Graphic - Fill","hd":false,"_render":true},{"ty":"tr","p":{"a":0,"k":[275.486,313.412],"ix":2},"a":{"a":0,"k":[0,0],"ix":1},"s":{"a":0,"k":[100,100],"ix":3},"r":{"a":0,"k":0,"ix":6},"o":{"a":0,"k":100,"ix":7},"sk":{"a":0,"k":0,"ix":4},"sa":{"a":0,"k":0,"ix":5},"nm":"Transform","_render":true}],"nm":"Group 1","np":2,"cix":2,"bm":0,"ix":1,"mn":"ADBE Vector Group","hd":false,"_render":true},{"ty":"tm","s":{"a":1,"k":[{"i":{"x":[0.667],"y":[1]},"o":{"x":[0.893],"y":[0]},"t":80,"s":[0]},{"t":89,"s":[100]}],"ix":1},"e":{"a":1,"k":[{"i":{"x":[0.667],"y":[1]},"o":{"x":[0.893],"y":[0]},"t":74,"s":[0]},{"t":84,"s":[100]}],"ix":2},"o":{"a":0,"k":0,"ix":3},"m":1,"ix":2,"nm":"Trim Paths 1","mn":"ADBE Vector Filter - Trim","hd":false,"_render":true},{"ty":"st","c":{"a":0,"k":[1,0.44313725490196076,0,1],"ix":3},"o":{"a":0,"k":100,"ix":4},"w":{"a":0,"k":4,"ix":5},"lc":2,"lj":2,"bm":0,"nm":"Stroke 1","mn":"ADBE Vector Graphic - Stroke","hd":false,"_render":true}],"ip":74,"op":90,"st":-1,"bm":0,"completed":true},{"ddd":0,"ind":4,"ty":4,"nm":"Layer 5 Outlines 9","sr":1,"ks":{"o":{"a":0,"k":100,"ix":11},"r":{"a":0,"k":0,"ix":10},"p":{"a":0,"k":[257.568,310.192,0],"ix":2},"a":{"a":0,"k":[291.11,313.003,0],"ix":1},"s":{"a":0,"k":[137.6,137.6,100],"ix":6}},"ao":0,"shapes":[{"ty":"gr","it":[{"ind":0,"ty":"sh","ix":1,"ks":{"a":0,"k":{"i":[[15.504,-5.77],[16.11,21.032]],"o":[[15.504,-5.77],[16.11,21.032]],"v":[[15.504,-5.77],[16.11,21.032]],"c":false},"ix":2},"nm":"Path 1","mn":"ADBE Vector Shape - Group","hd":false,"_render":true},{"ty":"fl","c":{"a":0,"k":[1,0.44313725490196076,0,1],"ix":4},"o":{"a":0,"k":100,"ix":5},"r":1,"bm":0,"nm":"Fill 1","mn":"ADBE Vector Graphic - Fill","hd":false,"_render":true},{"ty":"tr","p":{"a":0,"k":[275.486,313.412],"ix":2},"a":{"a":0,"k":[0,0],"ix":1},"s":{"a":0,"k":[100,100],"ix":3},"r":{"a":0,"k":0,"ix":6},"o":{"a":0,"k":100,"ix":7},"sk":{"a":0,"k":0,"ix":4},"sa":{"a":0,"k":0,"ix":5},"nm":"Transform","_render":true}],"nm":"Group 1","np":2,"cix":2,"bm":0,"ix":1,"mn":"ADBE Vector Group","hd":false,"_render":true},{"ty":"tm","s":{"a":1,"k":[{"i":{"x":[0.667],"y":[1]},"o":{"x":[0.893],"y":[0]},"t":80,"s":[0]},{"t":91,"s":[100]}],"ix":1},"e":{"a":1,"k":[{"i":{"x":[0.667],"y":[1]},"o":{"x":[0.893],"y":[0]},"t":76,"s":[0]},{"t":86,"s":[100]}],"ix":2},"o":{"a":0,"k":0,"ix":3},"m":1,"ix":2,"nm":"Trim Paths 1","mn":"ADBE Vector Filter - Trim","hd":false,"_render":true},{"ty":"st","c":{"a":0,"k":[1,0.44313725490196076,0,1],"ix":3},"o":{"a":0,"k":100,"ix":4},"w":{"a":0,"k":4,"ix":5},"lc":2,"lj":2,"bm":0,"nm":"Stroke 1","mn":"ADBE Vector Graphic - Stroke","hd":false,"_render":true}],"ip":76,"op":92,"st":1,"bm":0,"completed":true},{"ddd":0,"ind":5,"ty":4,"nm":"Layer 5 Outlines 8","sr":1,"ks":{"o":{"a":0,"k":100,"ix":11},"r":{"a":0,"k":0,"ix":10},"p":{"a":0,"k":[222.168,298.792,0],"ix":2},"a":{"a":0,"k":[279.192,306.898,0],"ix":1},"s":{"a":0,"k":[137.6,137.6,100],"ix":6}},"ao":0,"shapes":[{"ty":"gr","it":[{"ind":0,"ty":"sh","ix":1,"ks":{"a":0,"k":{"i":[[5.693,-12.311],[-14.413,14.491]],"o":[[5.693,-12.311],[-14.413,14.491]],"v":[[5.693,-12.311],[-14.413,14.491]],"c":false},"ix":2},"nm":"Path 1","mn":"ADBE Vector Shape - Group","hd":false,"_render":true},{"ty":"fl","c":{"a":0,"k":[1,0.44313725490196076,0,1],"ix":4},"o":{"a":0,"k":100,"ix":5},"r":1,"bm":0,"nm":"Fill 1","mn":"ADBE Vector Graphic - Fill","hd":false,"_render":true},{"ty":"tr","p":{"a":0,"k":[275.486,313.412],"ix":2},"a":{"a":0,"k":[0,0],"ix":1},"s":{"a":0,"k":[100,100],"ix":3},"r":{"a":0,"k":0,"ix":6},"o":{"a":0,"k":100,"ix":7},"sk":{"a":0,"k":0,"ix":4},"sa":{"a":0,"k":0,"ix":5},"nm":"Transform","_render":true}],"nm":"Group 1","np":2,"cix":2,"bm":0,"ix":1,"mn":"ADBE Vector Group","hd":false,"_render":true},{"ty":"tm","s":{"a":1,"k":[{"i":{"x":[0.667],"y":[1]},"o":{"x":[0.893],"y":[0]},"t":79,"s":[0]},{"t":88,"s":[100]}],"ix":1},"e":{"a":1,"k":[{"i":{"x":[0.667],"y":[1]},"o":{"x":[0.893],"y":[0]},"t":73,"s":[0]},{"t":83,"s":[100]}],"ix":2},"o":{"a":0,"k":0,"ix":3},"m":1,"ix":2,"nm":"Trim Paths 1","mn":"ADBE Vector Filter - Trim","hd":false,"_render":true},{"ty":"st","c":{"a":0,"k":[1,0.44313725490196076,0,1],"ix":3},"o":{"a":0,"k":100,"ix":4},"w":{"a":0,"k":4,"ix":5},"lc":2,"lj":2,"bm":0,"nm":"Stroke 1","mn":"ADBE Vector Graphic - Stroke","hd":false,"_render":true}],"ip":73,"op":89,"st":-2,"bm":0,"completed":true},{"ddd":0,"ind":6,"ty":4,"nm":"Layer 5 Outlines 7","sr":1,"ks":{"o":{"a":0,"k":100,"ix":11},"r":{"a":0,"k":0,"ix":10},"p":{"a":0,"k":[292.468,295.474,0],"ix":2},"a":{"a":0,"k":[272.142,305.577,0],"ix":1},"s":{"a":0,"k":[137.6,137.6,100],"ix":6}},"ao":0,"shapes":[{"ty":"gr","it":[{"ind":0,"ty":"sh","ix":1,"ks":{"a":0,"k":{"i":[[-5.572,-13.06],[15.02,7.246]],"o":[[-5.572,-13.06],[15.02,7.246]],"v":[[-5.572,-13.06],[15.02,7.246]],"c":false},"ix":2},"nm":"Path 1","mn":"ADBE Vector Shape - Group","hd":false,"_render":true},{"ty":"fl","c":{"a":0,"k":[1,0.44313725490196076,0,1],"ix":4},"o":{"a":0,"k":100,"ix":5},"r":1,"bm":0,"nm":"Fill 1","mn":"ADBE Vector Graphic - Fill","hd":false,"_render":true},{"ty":"tr","p":{"a":0,"k":[275.486,313.412],"ix":2},"a":{"a":0,"k":[0,0],"ix":1},"s":{"a":0,"k":[100,100],"ix":3},"r":{"a":0,"k":0,"ix":6},"o":{"a":0,"k":100,"ix":7},"sk":{"a":0,"k":0,"ix":4},"sa":{"a":0,"k":0,"ix":5},"nm":"Transform","_render":true}],"nm":"Group 1","np":2,"cix":2,"bm":0,"ix":1,"mn":"ADBE Vector Group","hd":false,"_render":true},{"ty":"tm","s":{"a":1,"k":[{"i":{"x":[0.667],"y":[1]},"o":{"x":[0.893],"y":[0]},"t":81,"s":[0]},{"t":90,"s":[100]}],"ix":1},"e":{"a":1,"k":[{"i":{"x":[0.667],"y":[1]},"o":{"x":[0.893],"y":[0]},"t":75,"s":[0]},{"t":85,"s":[100]}],"ix":2},"o":{"a":0,"k":0,"ix":3},"m":1,"ix":2,"nm":"Trim Paths 1","mn":"ADBE Vector Filter - Trim","hd":false,"_render":true},{"ty":"st","c":{"a":0,"k":[1,0.44313725490196076,0,1],"ix":3},"o":{"a":0,"k":100,"ix":4},"w":{"a":0,"k":4,"ix":5},"lc":2,"lj":2,"bm":0,"nm":"Stroke 1","mn":"ADBE Vector Graphic - Stroke","hd":false,"_render":true}],"ip":75,"op":91,"st":0,"bm":0,"completed":true},{"ddd":0,"ind":7,"ty":4,"nm":"Layer 2 Outlines","sr":1,"ks":{"o":{"a":0,"k":100,"ix":11},"r":{"a":1,"k":[{"i":{"x":[0.531],"y":[1]},"o":{"x":[0.333],"y":[0]},"t":0,"s":[0]},{"i":{"x":[0.667],"y":[1]},"o":{"x":[0.703],"y":[-0.016]},"t":10,"s":[-25]},{"i":{"x":[0.618],"y":[1]},"o":{"x":[0.428],"y":[-0.012]},"t":21,"s":[-9]},{"i":{"x":[0.667],"y":[1]},"o":{"x":[0.698],"y":[0.11]},"t":41,"s":[37]},{"i":{"x":[0.833],"y":[1]},"o":{"x":[0.167],"y":[0]},"t":54,"s":[26]},{"i":{"x":[0.546],"y":[1.696]},"o":{"x":[0.308],"y":[0.236]},"t":67,"s":[0]},{"t":90,"s":[0]}],"ix":10},"p":{"a":1,"k":[{"i":{"x":0.667,"y":1},"o":{"x":0.333,"y":0},"t":0,"s":[60.5,278.5,0],"to":[5.5,-2.667,0],"ti":[-1,-1.333,0]},{"i":{"x":0.667,"y":1},"o":{"x":0.333,"y":0},"t":21,"s":[93.5,262.5,0],"to":[1,1.333,0],"ti":[0,0,0]},{"i":{"x":0.667,"y":1},"o":{"x":0.333,"y":0},"t":31,"s":[66.5,286.5,0],"to":[0,0,0],"ti":[2.833,0,0]},{"i":{"x":0.667,"y":1},"o":{"x":0.167,"y":0},"t":54,"s":[93.5,262.5,0],"to":[-2.833,0,0],"ti":[3.5,-2.667,0]},{"i":{"x":0.667,"y":1},"o":{"x":0.595,"y":0.009},"t":67,"s":[49.5,286.5,0],"to":[-3.5,2.667,0],"ti":[-1.833,1.333,0]},{"i":{"x":0.406,"y":1},"o":{"x":0.333,"y":0},"t":78,"s":[72.5,278.5,0],"to":[1.833,-1.333,0],"ti":[2,0,0]},{"t":90,"s":[60.5,278.5,0]}],"ix":2},"a":{"a":0,"k":[119.549,296.875,0],"ix":1},"s":{"a":0,"k":[137.6,137.6,100],"ix":6}},"ao":0,"shapes":[{"ty":"gr","it":[{"ind":0,"ty":"sh","ix":1,"ks":{"a":0,"k":{"i":[[2.413,3.301],[-1.365,4.013],[0.146,-4.014]],"o":[[2.413,3.301],[-2.412,-3.1999999999999997],[0.146,-4.014]],"v":[[2.413,3.301],[-1.889,0.406],[0.146,-4.014]],"c":false},"ix":2},"nm":"Path 1","mn":"ADBE Vector Shape - Group","hd":false,"_render":true},{"ty":"st","c":{"a":0,"k":[0.00392156862745098,0.615686274509804,0.5686274509803921,1],"ix":3},"o":{"a":0,"k":100,"ix":4},"w":{"a":0,"k":1.536,"ix":5},"lc":2,"lj":1,"ml":10,"bm":0,"nm":"Stroke 1","mn":"ADBE Vector Graphic - Stroke","hd":false,"_render":true},{"ty":"tr","p":{"a":0,"k":[226.699,258.902],"ix":2},"a":{"a":0,"k":[0,0],"ix":1},"s":{"a":0,"k":[100,100],"ix":3},"r":{"a":0,"k":0,"ix":6},"o":{"a":0,"k":100,"ix":7},"sk":{"a":0,"k":0,"ix":4},"sa":{"a":0,"k":0,"ix":5},"nm":"Transform","_render":true}],"nm":"Group 1","np":2,"cix":2,"bm":0,"ix":1,"mn":"ADBE Vector Group","hd":false,"_render":true},{"ty":"gr","it":[{"ind":0,"ty":"sh","ix":1,"ks":{"a":0,"k":{"i":[[3.98,2.716],[-0.8170000000000002,-1.87]],"o":[[2.0389999999999997,0.07900000000000018],[-3.98,-2.716]],"v":[[3.98,2.716],[-3.98,-2.716]],"c":false},"ix":2},"nm":"Path 1","mn":"ADBE Vector Shape - Group","hd":false,"_render":true},{"ty":"st","c":{"a":0,"k":[0.00392156862745098,0.615686274509804,0.5686274509803921,1],"ix":3},"o":{"a":0,"k":100,"ix":4},"w":{"a":0,"k":1.536,"ix":5},"lc":2,"lj":1,"ml":10,"bm":0,"nm":"Stroke 1","mn":"ADBE Vector Graphic - Stroke","hd":false,"_render":true},{"ty":"tr","p":{"a":0,"k":[225.392,280.594],"ix":2},"a":{"a":0,"k":[0,0],"ix":1},"s":{"a":0,"k":[100,100],"ix":3},"r":{"a":0,"k":0,"ix":6},"o":{"a":0,"k":100,"ix":7},"sk":{"a":0,"k":0,"ix":4},"sa":{"a":0,"k":0,"ix":5},"nm":"Transform","_render":true}],"nm":"Group 2","np":2,"cix":2,"bm":0,"ix":2,"mn":"ADBE Vector Group","hd":false,"_render":true},{"ty":"gr","it":[{"ind":0,"ty":"sh","ix":1,"ks":{"a":0,"k":{"i":[[8.128,-9.517],[5.285,-9.074],[4.016,-0.3410000000000002],[-4.1209999999999996,8.86]],"o":[[6.565,-9.338999999999999],[4.788,-4.67],[-0.42999999999999994,6.457],[-8.129,9.517]],"v":[[8.128,-9.517],[3.783,-8.605],[1.793,3.058],[-8.129,9.517]],"c":false},"ix":2},"nm":"Path 1","mn":"ADBE Vector Shape - Group","hd":false,"_render":true},{"ty":"st","c":{"a":0,"k":[0.00392156862745098,0.615686274509804,0.5686274509803921,1],"ix":3},"o":{"a":0,"k":100,"ix":4},"w":{"a":0,"k":1.536,"ix":5},"lc":2,"lj":1,"ml":10,"bm":0,"nm":"Stroke 1","mn":"ADBE Vector Graphic - Stroke","hd":false,"_render":true},{"ty":"tr","p":{"a":0,"k":[219.473,264.23],"ix":2},"a":{"a":0,"k":[0,0],"ix":1},"s":{"a":0,"k":[100,100],"ix":3},"r":{"a":0,"k":0,"ix":6},"o":{"a":0,"k":100,"ix":7},"sk":{"a":0,"k":0,"ix":4},"sa":{"a":0,"k":0,"ix":5},"nm":"Transform","_render":true}],"nm":"Group 3","np":2,"cix":2,"bm":0,"ix":3,"mn":"ADBE Vector Group","hd":false,"_render":true},{"ty":"gr","it":[{"ind":0,"ty":"sh","ix":1,"ks":{"a":0,"k":{"i":[[1.1,-6.053],[3.351,-0.661],[5.974,2.869],[4.897,5.485],[0.9749999999999999,5.767],[-5.918,0.24800000000000022]],"o":[[2,-3.283],[5.506,2.255],[5.992,4.68],[2.444,6.0520000000000005],[-3.617,3.717],[-5.993,-3.36]],"v":[[1.1,-6.053],[5.082,1.681],[5.981,3.583],[3.827,5.732],[-0.322,5.189],[-5.993,-3.36]],"c":false},"ix":2},"nm":"Path 1","mn":"ADBE Vector Shape - Group","hd":false,"_render":true},{"ty":"st","c":{"a":0,"k":[0.00392156862745098,0.615686274509804,0.5686274509803921,1],"ix":3},"o":{"a":0,"k":100,"ix":4},"w":{"a":0,"k":1.536,"ix":5},"lc":2,"lj":1,"ml":10,"bm":0,"nm":"Stroke 1","mn":"ADBE Vector Graphic - Stroke","hd":false,"_render":true},{"ty":"tr","p":{"a":0,"k":[233.645,256.656],"ix":2},"a":{"a":0,"k":[0,0],"ix":1},"s":{"a":0,"k":[100,100],"ix":3},"r":{"a":0,"k":0,"ix":6},"o":{"a":0,"k":100,"ix":7},"sk":{"a":0,"k":0,"ix":4},"sa":{"a":0,"k":0,"ix":5},"nm":"Transform","_render":true}],"nm":"Group 4","np":2,"cix":2,"bm":0,"ix":4,"mn":"ADBE Vector Group","hd":false,"_render":true},{"ty":"gr","it":[{"ind":0,"ty":"sh","ix":1,"ks":{"a":0,"k":{"i":[[9.671,0.637],[0.258,3.933],[-7.191000000000001,4.322],[-9.672,0.5630000000000001],[-6.518000000000001,-4.281]],"o":[[4.725,2.378],[-5.894,4.7059999999999995],[-9.013,3.093],[-8.838000000000001,-2.773],[-3.858,-4.707]],"v":[[9.671,0.637],[-4.944,4.587],[-7.985,3.787],[-9.371,-0.64],[-3.858,-4.707]],"c":false},"ix":2},"nm":"Path 1","mn":"ADBE Vector Shape - Group","hd":false,"_render":true},{"ty":"st","c":{"a":0,"k":[0.00392156862745098,0.615686274509804,0.5686274509803921,1],"ix":3},"o":{"a":0,"k":100,"ix":4},"w":{"a":0,"k":1.536,"ix":5},"lc":2,"lj":1,"ml":10,"bm":0,"nm":"Stroke 1","mn":"ADBE Vector Graphic - Stroke","hd":false,"_render":true},{"ty":"tr","p":{"a":0,"k":[235.904,265.991],"ix":2},"a":{"a":0,"k":[0,0],"ix":1},"s":{"a":0,"k":[100,100],"ix":3},"r":{"a":0,"k":0,"ix":6},"o":{"a":0,"k":100,"ix":7},"sk":{"a":0,"k":0,"ix":4},"sa":{"a":0,"k":0,"ix":5},"nm":"Transform","_render":true}],"nm":"Group 5","np":2,"cix":2,"bm":0,"ix":5,"mn":"ADBE Vector Group","hd":false,"_render":true},{"ty":"gr","it":[{"ind":0,"ty":"sh","ix":1,"ks":{"a":0,"k":{"i":[[9.416,2.018],[1.7460000000000002,3.8759999999999994],[-5.632,4.916],[-9.416,1.5530000000000002],[-7.890000000000001,-4.338]],"o":[[5.096,3.351],[-3.684,4.675],[-8.868,3.1180000000000003],[-8.985000000000001,-2.1910000000000003],[-5.678,-4.915]],"v":[[9.416,2.018],[-1.886,4.411],[-7.22,4.033],[-9.201,-0.319],[-5.678,-4.915]],"c":false},"ix":2},"nm":"Path 1","mn":"ADBE Vector Shape - Group","hd":false,"_render":true},{"ty":"st","c":{"a":0,"k":[0.00392156862745098,0.615686274509804,0.5686274509803921,1],"ix":3},"o":{"a":0,"k":100,"ix":4},"w":{"a":0,"k":1.536,"ix":5},"lc":2,"lj":1,"ml":10,"bm":0,"nm":"Stroke 1","mn":"ADBE Vector Graphic - Stroke","hd":false,"_render":true},{"ty":"tr","p":{"a":0,"k":[237.492,275.334],"ix":2},"a":{"a":0,"k":[0,0],"ix":1},"s":{"a":0,"k":[100,100],"ix":3},"r":{"a":0,"k":0,"ix":6},"o":{"a":0,"k":100,"ix":7},"sk":{"a":0,"k":0,"ix":4},"sa":{"a":0,"k":0,"ix":5},"nm":"Transform","_render":true}],"nm":"Group 6","np":2,"cix":2,"bm":0,"ix":6,"mn":"ADBE Vector Group","hd":false,"_render":true},{"ty":"gr","it":[{"ind":0,"ty":"sh","ix":1,"ks":{"a":0,"k":{"i":[[8.509,1.514],[-1.441,4.061999999999999],[-5.353,3.378],[-7.969,1.05],[-6.8709999999999996,-3.7030000000000003]],"o":[[5.104000000000001,3.113],[-4.2170000000000005,3.7729999999999997],[-7.278,2.082],[-8.508000000000001,-2.428],[-5.768,-4.062]],"v":[[8.509,1.514],[-3.063,3.893],[-6.316,2.73],[-8.147,-0.097],[-5.768,-4.062]],"c":false},"ix":2},"nm":"Path 1","mn":"ADBE Vector Shape - Group","hd":false,"_render":true},{"ty":"st","c":{"a":0,"k":[0.00392156862745098,0.615686274509804,0.5686274509803921,1],"ix":3},"o":{"a":0,"k":100,"ix":4},"w":{"a":0,"k":1.536,"ix":5},"lc":2,"lj":1,"ml":10,"bm":0,"nm":"Stroke 1","mn":"ADBE Vector Graphic - Stroke","hd":false,"_render":true},{"ty":"tr","p":{"a":0,"k":[237.665,284.076],"ix":2},"a":{"a":0,"k":[0,0],"ix":1},"s":{"a":0,"k":[100,100],"ix":3},"r":{"a":0,"k":0,"ix":6},"o":{"a":0,"k":100,"ix":7},"sk":{"a":0,"k":0,"ix":4},"sa":{"a":0,"k":0,"ix":5},"nm":"Transform","_render":true}],"nm":"Group 7","np":2,"cix":2,"bm":0,"ix":7,"mn":"ADBE Vector Group","hd":false,"_render":true},{"ty":"gr","it":[{"ind":0,"ty":"sh","ix":1,"ks":{"a":0,"k":{"i":[[4.466,14.223],[0.391,9.007],[-5.396,1.427],[-0.913,-11.043],[1.532,-14.141],[-1.891,-7.131],[1.2060000000000002,-3.709],[5.507,1.607],[2.754,4.931],[6.293,11.072]],"o":[[2.673,12.511000000000001],[-6.7,6.725],[-0.8319999999999999,-6.072],[0.8800000000000001,-14.222],[0.5539999999999998,-12.837],[1.7760000000000002,-4.034000000000001],[3.325,2.1590000000000003],[4.140000000000001,3.464],[4.384,10.963000000000001],[4.8740000000000006,13.081999999999999]],"v":[[4.466,14.223],[-5.722,8.681],[-3.114,-2.322],[-1.647,-13.081],[2.428,-14.141],[3.814,-6.479],[2.265,-0.775],[6.535,1.639],[3.569,7.947],[6.7,11.072]],"c":true},"ix":2},"nm":"Path 1","mn":"ADBE Vector Shape - Group","hd":false,"_render":true},{"ty":"fl","c":{"a":0,"k":[0.9647058823529412,0.9568627450980393,0.9803921568627451,1],"ix":4},"o":{"a":0,"k":100,"ix":5},"r":1,"bm":0,"nm":"Fill 1","mn":"ADBE Vector Graphic - Fill","hd":false,"_render":true},{"ty":"tr","p":{"a":0,"k":[224.544,268.942],"ix":2},"a":{"a":0,"k":[0,0],"ix":1},"s":{"a":0,"k":[100,100],"ix":3},"r":{"a":0,"k":0,"ix":6},"o":{"a":0,"k":100,"ix":7},"sk":{"a":0,"k":0,"ix":4},"sa":{"a":0,"k":0,"ix":5},"nm":"Transform","_render":true}],"nm":"Group 8","np":2,"cix":2,"bm":0,"ix":8,"mn":"ADBE Vector Group","hd":false,"_render":true},{"ty":"gr","it":[{"ind":0,"ty":"sh","ix":1,"ks":{"a":0,"k":{"i":[[71.003,-12.628],[66.943,-21.949],[64.688,-30.668000000000003],[54.315,-30.818],[52.812,-35.93],[33.269,-32.773],[26.203,-17.89],[-56.18,-6.765],[-72.24300000000001,-2.0310000000000006],[-56.93,35.93],[30.863,7.667],[36.259,12.123999999999999],[64.839,9.321],[70.10000000000001,0]],"o":[[69.801,-19.243],[66.342,-25.406000000000002],[59.577000000000005,-32.171],[54.315,-30.818],[42.589,-35.327999999999996],[27.857,-25.857],[26.203,-17.89],[-56.18,-6.765],[-72.80600000000001,33.969],[-23.07,32.341],[30.863,7.667],[55.519,15.334],[69.048,3.307],[72.80600000000001,-9.02]],"v":[[66.794,-14.883],[64.237,-23.452],[62.133,-31.42],[54.315,-30.818],[47.701,-35.629],[30.563,-29.315],[26.203,-17.89],[-56.18,-6.765],[-72.525,15.969],[-56.93,35.93],[30.863,7.667],[42.891,13.229],[66.943,6.314],[68.296,-3.909]],"c":true},"ix":2},"nm":"Path 1","mn":"ADBE Vector Shape - Group","hd":false,"_render":true},{"ty":"st","c":{"a":0,"k":[0.00392156862745098,0.615686274509804,0.5686274509803921,1],"ix":3},"o":{"a":0,"k":100,"ix":4},"w":{"a":0,"k":2,"ix":5},"lc":1,"lj":1,"ml":4,"bm":0,"nm":"Stroke 1","mn":"ADBE Vector Graphic - Stroke","hd":false,"_render":true},{"ty":"fl","c":{"a":0,"k":[0.9647058823529412,0.9568627450980393,0.9803921568627451,1],"ix":4},"o":{"a":0,"k":100,"ix":5},"r":1,"bm":0,"nm":"Fill 1","mn":"ADBE Vector Graphic - Fill","hd":false,"_render":true},{"ty":"tr","p":{"a":0,"k":[180.226,281.108],"ix":2},"a":{"a":0,"k":[0,0],"ix":1},"s":{"a":0,"k":[100,100],"ix":3},"r":{"a":0,"k":0,"ix":6},"o":{"a":0,"k":100,"ix":7},"sk":{"a":0,"k":0,"ix":4},"sa":{"a":0,"k":0,"ix":5},"nm":"Transform","_render":true}],"nm":"Group 9","np":3,"cix":2,"bm":0,"ix":9,"mn":"ADBE Vector Group","hd":false,"_render":true}],"ip":0,"op":300,"st":0,"bm":0,"completed":true},{"ddd":0,"ind":8,"ty":4,"nm":"Layer 1 Outlines","sr":1,"ks":{"o":{"a":0,"k":100,"ix":11},"r":{"a":1,"k":[{"i":{"x":[0.531],"y":[1]},"o":{"x":[0.333],"y":[0]},"t":0,"s":[0]},{"i":{"x":[0.667],"y":[1]},"o":{"x":[0.703],"y":[-0.014]},"t":10,"s":[-28]},{"i":{"x":[0.618],"y":[1]},"o":{"x":[0.428],"y":[-0.018]},"t":21,"s":[-9]},{"i":{"x":[0.667],"y":[1]},"o":{"x":[0.698],"y":[0.055]},"t":41,"s":[23]},{"i":{"x":[0.833],"y":[1]},"o":{"x":[0.167],"y":[0]},"t":54,"s":[1]},{"i":{"x":[0.546],"y":[1.696]},"o":{"x":[0.308],"y":[0.236]},"t":67,"s":[0]},{"t":90,"s":[0]}],"ix":10},"p":{"a":1,"k":[{"i":{"x":0.667,"y":1},"o":{"x":0.333,"y":0},"t":0,"s":[435,281,0],"to":[-5.667,0.5,0],"ti":[1.333,-2,0]},{"i":{"x":0.667,"y":1},"o":{"x":0.333,"y":0},"t":21,"s":[401,284,0],"to":[-1.333,2,0],"ti":[0,0,0]},{"i":{"x":0.667,"y":1},"o":{"x":0.333,"y":0},"t":31,"s":[427,293,0],"to":[0,0,0],"ti":[-6.167,-0.833,0]},{"i":{"x":0.667,"y":1},"o":{"x":0.167,"y":0},"t":54,"s":[401,284,0],"to":[6.167,0.833,0],"ti":[-2.167,0.5,0]},{"i":{"x":0.667,"y":1},"o":{"x":0.595,"y":0.004},"t":67,"s":[464,298,0],"to":[2.167,-0.5,0],"ti":[4.833,2.833,0]},{"i":{"x":0.406,"y":1},"o":{"x":0.333,"y":0},"t":78,"s":[414,281,0],"to":[-4.833,-2.833,0],"ti":[-3.5,0,0]},{"t":90,"s":[435,281,0]}],"ix":2},"a":{"a":0,"k":[388.808,298.692,0],"ix":1},"s":{"a":0,"k":[137.6,137.6,100],"ix":6}},"ao":0,"shapes":[{"ty":"gr","it":[{"ind":0,"ty":"sh","ix":1,"ks":{"a":0,"k":{"i":[[-3.044,0.982],[0.8810000000000002,-0.939]],"o":[[-1.2650000000000001,-0.248],[3.044,-0.982]],"v":[[-3.044,0.982],[3.044,-0.982]],"c":false},"ix":2},"nm":"Path 1","mn":"ADBE Vector Shape - Group","hd":false,"_render":true},{"ty":"st","c":{"a":0,"k":[0.00392156862745098,0.615686274509804,0.5686274509803921,1],"ix":3},"o":{"a":0,"k":100,"ix":4},"w":{"a":0,"k":1.342,"ix":5},"lc":2,"lj":1,"ml":10,"bm":0,"nm":"Stroke 1","mn":"ADBE Vector Graphic - Stroke","hd":false,"_render":true},{"ty":"tr","p":{"a":0,"k":[292.273,249.626],"ix":2},"a":{"a":0,"k":[0,0],"ix":1},"s":{"a":0,"k":[100,100],"ix":3},"r":{"a":0,"k":0,"ix":6},"o":{"a":0,"k":100,"ix":7},"sk":{"a":0,"k":0,"ix":4},"sa":{"a":0,"k":0,"ix":5},"nm":"Transform","_render":true}],"nm":"Group 1","np":2,"cix":2,"bm":0,"ix":1,"mn":"ADBE Vector Group","hd":false,"_render":true},{"ty":"gr","it":[{"ind":0,"ty":"sh","ix":1,"ks":{"a":0,"k":{"i":[[-18.774,15.403],[-36.916,1.2639999999999993],[-26.338,-27.907],[17.212,-17.995],[36.916000000000004,-2.5199999999999996],[17.078,27.906]],"o":[[-33.807,8.81],[-30.549999999999997,-24.718],[-26.338,-27.907],[29.543,-15.188],[29.703000000000003,21.4],[-5.138000000000001,20.422]],"v":[[-33.807,8.81],[-33.733,-11.727],[-26.338,-27.907],[17.212,-17.995],[33.264,9.589],[5.387,23.968]],"c":true},"ix":2},"nm":"Path 1","mn":"ADBE Vector Shape - Group","hd":false,"_render":true},{"ty":"st","c":{"a":0,"k":[0.00392156862745098,0.615686274509804,0.5686274509803921,1],"ix":3},"o":{"a":0,"k":100,"ix":4},"w":{"a":0,"k":2,"ix":5},"lc":1,"lj":1,"ml":4,"bm":0,"nm":"Stroke 1","mn":"ADBE Vector Graphic - Stroke","hd":false,"_render":true},{"ty":"fl","c":{"a":0,"k":[0.9647058823529412,0.9568627450980393,0.9803921568627451,1],"ix":4},"o":{"a":0,"k":100,"ix":5},"r":1,"bm":0,"nm":"Fill 1","mn":"ADBE Vector Graphic - Fill","hd":false,"_render":true},{"ty":"tr","p":{"a":0,"k":[374.284,293.296],"ix":2},"a":{"a":0,"k":[0,0],"ix":1},"s":{"a":0,"k":[100,100],"ix":3},"r":{"a":0,"k":0,"ix":6},"o":{"a":0,"k":100,"ix":7},"sk":{"a":0,"k":0,"ix":4},"sa":{"a":0,"k":0,"ix":5},"nm":"Transform","_render":true}],"nm":"Group 2","np":3,"cix":2,"bm":0,"ix":2,"mn":"ADBE Vector Group","hd":false,"_render":true},{"ty":"gr","it":[{"ind":0,"ty":"sh","ix":1,"ks":{"a":0,"k":{"i":[[-6.9,11.065],[-19.226,-0.9450000000000003],[-11.743,-18.882],[19.226,-12.954],[13.705,19.32]],"o":[[-17.212,5.914],[-15.206000000000001,-14.278],[5.998000000000001,-16.05],[19.226,-12.954],[13.493,20.021]],"v":[[-17.212,5.914],[-17.216,-7.612],[-10.076,-20.021],[19.226,-12.954],[13.599,19.671]],"c":true},"ix":2},"nm":"Path 1","mn":"ADBE Vector Shape - Group","hd":false,"_render":true},{"ty":"fl","c":{"a":0,"k":[0.00392156862745098,0.615686274509804,0.5686274509803921,1],"ix":4},"o":{"a":0,"k":100,"ix":5},"r":1,"bm":0,"nm":"Fill 1","mn":"ADBE Vector Graphic - Fill","hd":false,"_render":true},{"ty":"tr","p":{"a":0,"k":[332.132,281.478],"ix":2},"a":{"a":0,"k":[0,0],"ix":1},"s":{"a":0,"k":[100,100],"ix":3},"r":{"a":0,"k":0,"ix":6},"o":{"a":0,"k":100,"ix":7},"sk":{"a":0,"k":0,"ix":4},"sa":{"a":0,"k":0,"ix":5},"nm":"Transform","_render":true}],"nm":"Group 3","np":2,"cix":2,"bm":0,"ix":3,"mn":"ADBE Vector Group","hd":false,"_render":true},{"ty":"gr","it":[{"ind":0,"ty":"sh","ix":1,"ks":{"a":0,"k":{"i":[[-0.512,5.292],[-0.5009999999999999,-2.024]],"o":[[-1.0550000000000002,1.7129999999999996],[1.056,-5.292]],"v":[[-0.512,5.292],[1.056,-5.292]],"c":false},"ix":2},"nm":"Path 1","mn":"ADBE Vector Shape - Group","hd":false,"_render":true},{"ty":"st","c":{"a":0,"k":[0.00392156862745098,0.615686274509804,0.5686274509803921,1],"ix":3},"o":{"a":0,"k":100,"ix":4},"w":{"a":0,"k":1.342,"ix":5},"lc":2,"lj":1,"ml":10,"bm":0,"nm":"Stroke 1","mn":"ADBE Vector Graphic - Stroke","hd":false,"_render":true},{"ty":"tr","p":{"a":0,"k":[307.557,275.201],"ix":2},"a":{"a":0,"k":[0,0],"ix":1},"s":{"a":0,"k":[100,100],"ix":3},"r":{"a":0,"k":0,"ix":6},"o":{"a":0,"k":100,"ix":7},"sk":{"a":0,"k":0,"ix":4},"sa":{"a":0,"k":0,"ix":5},"nm":"Transform","_render":true}],"nm":"Group 4","np":2,"cix":2,"bm":0,"ix":4,"mn":"ADBE Vector Group","hd":false,"_render":true},{"ty":"gr","it":[{"ind":0,"ty":"sh","ix":1,"ks":{"a":0,"k":{"i":[[-2.121,-0.781],[0.6220000000000001,0.781]],"o":[[-1.033,0.30199999999999994],[2.12,0.445]],"v":[[-2.121,-0.781],[2.12,0.445]],"c":false},"ix":2},"nm":"Path 1","mn":"ADBE Vector Shape - Group","hd":false,"_render":true},{"ty":"st","c":{"a":0,"k":[0.00392156862745098,0.615686274509804,0.5686274509803921,1],"ix":3},"o":{"a":0,"k":100,"ix":4},"w":{"a":0,"k":1.342,"ix":5},"lc":2,"lj":1,"ml":10,"bm":0,"nm":"Stroke 1","mn":"ADBE Vector Graphic - Stroke","hd":false,"_render":true},{"ty":"tr","p":{"a":0,"k":[276.897,282.332],"ix":2},"a":{"a":0,"k":[0,0],"ix":1},"s":{"a":0,"k":[100,100],"ix":3},"r":{"a":0,"k":0,"ix":6},"o":{"a":0,"k":100,"ix":7},"sk":{"a":0,"k":0,"ix":4},"sa":{"a":0,"k":0,"ix":5},"nm":"Transform","_render":true}],"nm":"Group 5","np":2,"cix":2,"bm":0,"ix":5,"mn":"ADBE Vector Group","hd":false,"_render":true},{"ty":"gr","it":[{"ind":0,"ty":"sh","ix":1,"ks":{"a":0,"k":{"i":[[-1.406,0.423],[0.43699999999999994,-0.424]],"o":[[-0.6219999999999999,-0.186],[1.406,-0.21]],"v":[[-1.406,0.423],[1.406,-0.21]],"c":false},"ix":2},"nm":"Path 1","mn":"ADBE Vector Shape - Group","hd":false,"_render":true},{"ty":"st","c":{"a":0,"k":[0.00392156862745098,0.615686274509804,0.5686274509803921,1],"ix":3},"o":{"a":0,"k":100,"ix":4},"w":{"a":0,"k":1.342,"ix":5},"lc":2,"lj":1,"ml":10,"bm":0,"nm":"Stroke 1","mn":"ADBE Vector Graphic - Stroke","hd":false,"_render":true},{"ty":"tr","p":{"a":0,"k":[271.117,256.941],"ix":2},"a":{"a":0,"k":[0,0],"ix":1},"s":{"a":0,"k":[100,100],"ix":3},"r":{"a":0,"k":0,"ix":6},"o":{"a":0,"k":100,"ix":7},"sk":{"a":0,"k":0,"ix":4},"sa":{"a":0,"k":0,"ix":5},"nm":"Transform","_render":true}],"nm":"Group 6","np":2,"cix":2,"bm":0,"ix":6,"mn":"ADBE Vector Group","hd":false,"_render":true},{"ty":"gr","it":[{"ind":0,"ty":"sh","ix":1,"ks":{"a":0,"k":{"i":[[-2.223,-0.287],[0.8049999999999999,0.28700000000000003]],"o":[[-0.815,0.2750000000000001],[2.222,-0.253]],"v":[[-2.223,-0.287],[2.222,-0.253]],"c":false},"ix":2},"nm":"Path 1","mn":"ADBE Vector Shape - Group","hd":false,"_render":true},{"ty":"st","c":{"a":0,"k":[0.00392156862745098,0.615686274509804,0.5686274509803921,1],"ix":3},"o":{"a":0,"k":100,"ix":4},"w":{"a":0,"k":1.342,"ix":5},"lc":2,"lj":1,"ml":10,"bm":0,"nm":"Stroke 1","mn":"ADBE Vector Graphic - Stroke","hd":false,"_render":true},{"ty":"tr","p":{"a":0,"k":[271.816,259.674],"ix":2},"a":{"a":0,"k":[0,0],"ix":1},"s":{"a":0,"k":[100,100],"ix":3},"r":{"a":0,"k":0,"ix":6},"o":{"a":0,"k":100,"ix":7},"sk":{"a":0,"k":0,"ix":4},"sa":{"a":0,"k":0,"ix":5},"nm":"Transform","_render":true}],"nm":"Group 7","np":2,"cix":2,"bm":0,"ix":7,"mn":"ADBE Vector Group","hd":false,"_render":true},{"ty":"gr","it":[{"ind":0,"ty":"sh","ix":1,"ks":{"a":0,"k":{"i":[[-9.26,0.812],[3.133,-0.8119999999999999]],"o":[[-3.2089999999999996,-0.623],[9.26,0.257]],"v":[[-9.26,0.812],[9.26,0.257]],"c":false},"ix":2},"nm":"Path 1","mn":"ADBE Vector Shape - Group","hd":false,"_render":true},{"ty":"st","c":{"a":0,"k":[0.00392156862745098,0.615686274509804,0.5686274509803921,1],"ix":3},"o":{"a":0,"k":100,"ix":4},"w":{"a":0,"k":1.342,"ix":5},"lc":2,"lj":1,"ml":10,"bm":0,"nm":"Stroke 1","mn":"ADBE Vector Graphic - Stroke","hd":false,"_render":true},{"ty":"tr","p":{"a":0,"k":[284.822,250.856],"ix":2},"a":{"a":0,"k":[0,0],"ix":1},"s":{"a":0,"k":[100,100],"ix":3},"r":{"a":0,"k":0,"ix":6},"o":{"a":0,"k":100,"ix":7},"sk":{"a":0,"k":0,"ix":4},"sa":{"a":0,"k":0,"ix":5},"nm":"Transform","_render":true}],"nm":"Group 8","np":2,"cix":2,"bm":0,"ix":8,"mn":"ADBE Vector Group","hd":false,"_render":true},{"ty":"gr","it":[{"ind":0,"ty":"sh","ix":1,"ks":{"a":0,"k":{"i":[[22.976,-3.539],[12.121,-6.539],[3.448,-18.589],[-9.372,-23.685],[-21.303,-19.489],[-30.608,-11.849],[-33.662,-5.713],[-33.285,3.0149999999999997],[-29.636,11.772],[-27.25,18.372],[-11.897,23.685],[7.56,17.656],[17.95,21.746],[29.624,21.015]],"o":[[22.976,-3.539],[12.121,-6.539],[-2.64,-22.886],[-18.178,-21.692],[-28.121000000000002,-13.204],[-33.029,-8.795],[-32.629,-0.06899999999999995],[-31.274,8.134],[-28.061999999999998,16.076],[-23.793,20.508000000000003],[1.4479999999999995,21.146],[7.56,17.656],[17.95,21.746],[33.662,3.649]],"v":[[22.976,-3.539],[12.121,-6.539],[0.404,-20.737],[-13.775,-22.689],[-22.841,-13.936],[-31.878,-10.246],[-29.865,-3.338],[-28.924,4.877],[-26.528,13.257],[-25.521,19.44],[-5.224,22.415],[7.56,17.656],[17.95,21.746],[31.82,11.571]],"c":true},"ix":2},"nm":"Path 1","mn":"ADBE Vector Shape - Group","hd":false,"_render":true},{"ty":"st","c":{"a":0,"k":[0.00392156862745098,0.615686274509804,0.5686274509803921,1],"ix":3},"o":{"a":0,"k":100,"ix":4},"w":{"a":0,"k":2,"ix":5},"lc":1,"lj":1,"ml":4,"bm":0,"nm":"Stroke 1","mn":"ADBE Vector Graphic - Stroke","hd":false,"_render":true},{"ty":"fl","c":{"a":0,"k":[0.9647058823529412,0.9568627450980393,0.9803921568627451,1],"ix":4},"o":{"a":0,"k":100,"ix":5},"r":1,"bm":0,"nm":"Fill 1","mn":"ADBE Vector Graphic - Fill","hd":false,"_render":true},{"ty":"tr","p":{"a":0,"k":[298.517,265.592],"ix":2},"a":{"a":0,"k":[0,0],"ix":1},"s":{"a":0,"k":[100,100],"ix":3},"r":{"a":0,"k":0,"ix":6},"o":{"a":0,"k":100,"ix":7},"sk":{"a":0,"k":0,"ix":4},"sa":{"a":0,"k":0,"ix":5},"nm":"Transform","_render":true}],"nm":"Group 9","np":3,"cix":2,"bm":0,"ix":9,"mn":"ADBE Vector Group","hd":false,"_render":true}],"ip":0,"op":300,"st":0,"bm":0,"completed":true},{"ddd":0,"ind":9,"ty":0,"nm":"confetti base","refId":"comp_0","sr":1,"ks":{"o":{"a":0,"k":70,"ix":11},"r":{"a":0,"k":0,"ix":10},"p":{"a":0,"k":[242,250,0],"ix":2},"a":{"a":0,"k":[400,400,0],"ix":1},"s":{"a":0,"k":[44,44,100],"ix":6}},"ao":0,"w":800,"h":800,"ip":74,"op":434.36036036036,"st":74,"bm":0,"completed":true,"layers":[{"ddd":0,"ind":1,"ty":4,"nm":"p20","sr":1,"ks":{"o":{"a":1,"k":[{"i":{"x":[1],"y":[1]},"o":{"x":[0.01],"y":[0]},"t":4.004,"s":[100]},{"t":43.043043043043,"s":[0]}],"ix":11},"r":{"a":0,"k":0,"ix":10},"p":{"a":1,"k":[{"i":{"x":0,"y":1},"o":{"x":0.01,"y":0},"t":4.004,"s":[400,400,0],"to":[1.833,-220.667,0],"ti":[85.167,-23.333,0]},{"t":43.043043043043,"s":[71,152,0]}],"ix":2},"a":{"a":0,"k":[0,0,0],"ix":1},"s":{"a":0,"k":[100,100,100],"ix":6}},"ao":0,"shapes":[{"ty":"gr","it":[{"ind":0,"ty":"sh","ix":1,"ks":{"a":0,"k":{"i":[[19,-23.5],[24.5,-3.5],[36.647,-10.192]],"o":[[19,-23.5],[24.5,-3.5],[36.647,-10.192]],"v":[[19,-23.5],[24.5,-3.5],[36.647,-10.192]],"c":true},"ix":2},"nm":"Path 1","mn":"ADBE Vector Shape - Group","hd":false,"_render":true},{"ty":"fl","c":{"a":0,"k":[0.9647058823529412,0.9568627450980393,0.9803921568627451,1],"ix":4},"o":{"a":0,"k":100,"ix":5},"r":1,"bm":0,"nm":"Fill 1","mn":"ADBE Vector Graphic - Fill","hd":false,"_render":true},{"ty":"tr","p":{"a":0,"k":[0,0],"ix":2},"a":{"a":0,"k":[0,0],"ix":1},"s":{"a":0,"k":[100,100],"ix":3},"r":{"a":0,"k":0,"ix":6},"o":{"a":0,"k":100,"ix":7},"sk":{"a":0,"k":0,"ix":4},"sa":{"a":0,"k":0,"ix":5},"nm":"Transform","_render":true}],"nm":"triangle","np":3,"cix":2,"bm":0,"ix":1,"mn":"ADBE Vector Group","hd":false,"_render":true}],"ip":4.004004004004,"op":364.364364364364,"st":4.004004004004,"bm":0,"completed":true},{"ddd":0,"ind":2,"ty":4,"nm":"p19","sr":1,"ks":{"o":{"a":1,"k":[{"i":{"x":[1],"y":[1]},"o":{"x":[0.01],"y":[0]},"t":3.003,"s":[100]},{"t":42.042042042042,"s":[0]}],"ix":11},"r":{"a":0,"k":0,"ix":10},"p":{"a":1,"k":[{"i":{"x":0,"y":1},"o":{"x":0.01,"y":0},"t":3.003,"s":[400,400,0],"to":[101.833,91.333,0],"ti":[27.167,-153.333,0]},{"t":42.042042042042,"s":[579,746,0]}],"ix":2},"a":{"a":0,"k":[0,0,0],"ix":1},"s":{"a":0,"k":[100,100,100],"ix":6}},"ao":0,"shapes":[{"ty":"gr","it":[{"ind":0,"ty":"sh","ix":1,"ks":{"a":0,"k":{"i":[[14.5,-8.25],[25.25,-11.75],[21.75,2],[36.25,0.75],[33,18.75],[52.25,18.25],[53.75,36.75]],"o":[[14.5,-8.25],[27.25,-2.25],[29.25,7.5],[42.75,13.25],[45.5,23.25],[56.25,32.25],[53.75,36.75]],"v":[[14.5,-8.25],[26.25,-7],[25.5,4.75],[39.5,7],[39.25,21],[54.25,25.25],[53.75,36.75]],"c":false},"ix":2},"nm":"Path 1","mn":"ADBE Vector Shape - Group","hd":false,"_render":true},{"ty":"st","c":{"a":0,"k":[0.9647058823529412,0.9568627450980393,0.9803921568627451,1],"ix":3},"o":{"a":0,"k":100,"ix":4},"w":{"a":0,"k":2,"ix":5},"lc":1,"lj":1,"ml":4,"bm":0,"nm":"Stroke 1","mn":"ADBE Vector Graphic - Stroke","hd":false,"_render":true},{"ty":"fl","c":{"a":0,"k":[0.9647058823529412,0.9568627450980393,0.9803921568627451,1],"ix":4},"o":{"a":0,"k":100,"ix":5},"r":1,"bm":0,"nm":"Fill 1","mn":"ADBE Vector Graphic - Fill","hd":false,"_render":true},{"ty":"tr","p":{"a":0,"k":[0,0],"ix":2},"a":{"a":0,"k":[0,0],"ix":1},"s":{"a":0,"k":[100,100],"ix":3},"r":{"a":0,"k":0,"ix":6},"o":{"a":0,"k":100,"ix":7},"sk":{"a":0,"k":0,"ix":4},"sa":{"a":0,"k":0,"ix":5},"nm":"Transform","_render":true}],"nm":"Shape 1","np":3,"cix":2,"bm":0,"ix":1,"mn":"ADBE Vector Group","hd":false,"_render":true}],"ip":3.003003003003,"op":363.363363363363,"st":3.003003003003,"bm":0,"completed":true},{"ddd":0,"ind":3,"ty":4,"nm":"p18","sr":1,"ks":{"o":{"a":1,"k":[{"i":{"x":[1],"y":[1]},"o":{"x":[0.01],"y":[0]},"t":2.002,"s":[100]},{"t":41.041041041041,"s":[0]}],"ix":11},"r":{"a":0,"k":0,"ix":10},"p":{"a":1,"k":[{"i":{"x":0,"y":1},"o":{"x":0.01,"y":0},"t":2.002,"s":[400,400,0],"to":[-84.167,-74.667,0],"ti":[-88.833,-45.333,0]},{"t":41.041041041041,"s":[503,238,0]}],"ix":2},"a":{"a":0,"k":[0,0,0],"ix":1},"s":{"a":0,"k":[100,100,100],"ix":6}},"ao":0,"shapes":[{"ty":"gr","it":[{"ind":0,"ty":"sh","ix":1,"ks":{"a":0,"k":{"i":[[19,-23.5],[24.5,-3.5],[36.647,-10.192]],"o":[[19,-23.5],[24.5,-3.5],[36.647,-10.192]],"v":[[19,-23.5],[24.5,-3.5],[36.647,-10.192]],"c":true},"ix":2},"nm":"Path 1","mn":"ADBE Vector Shape - Group","hd":false,"_render":true},{"ty":"fl","c":{"a":0,"k":[0.9647058823529412,0.9568627450980393,0.9803921568627451,1],"ix":4},"o":{"a":0,"k":100,"ix":5},"r":1,"bm":0,"nm":"Fill 1","mn":"ADBE Vector Graphic - Fill","hd":false,"_render":true},{"ty":"tr","p":{"a":0,"k":[0,0],"ix":2},"a":{"a":0,"k":[0,0],"ix":1},"s":{"a":0,"k":[100,100],"ix":3},"r":{"a":0,"k":0,"ix":6},"o":{"a":0,"k":100,"ix":7},"sk":{"a":0,"k":0,"ix":4},"sa":{"a":0,"k":0,"ix":5},"nm":"Transform","_render":true}],"nm":"triangle","np":3,"cix":2,"bm":0,"ix":1,"mn":"ADBE Vector Group","hd":false,"_render":true}],"ip":2.002002002002,"op":362.362362362362,"st":2.002002002002,"bm":0,"completed":true},{"ddd":0,"ind":4,"ty":4,"nm":"p17","sr":1,"ks":{"o":{"a":1,"k":[{"i":{"x":[1],"y":[1]},"o":{"x":[0.01],"y":[0]},"t":1.001,"s":[100]},{"t":40.04004004004,"s":[0]}],"ix":11},"r":{"a":0,"k":0,"ix":10},"p":{"a":1,"k":[{"i":{"x":0,"y":1},"o":{"x":0.01,"y":0},"t":1.001,"s":[400,400,0],"to":[-82.167,-112.667,0],"ti":[73.167,-199.333,0]},{"t":40.04004004004,"s":[91,556,0]}],"ix":2},"a":{"a":0,"k":[0,0,0],"ix":1},"s":{"a":0,"k":[100,100,100],"ix":6}},"ao":0,"shapes":[{"ty":"gr","it":[{"ind":0,"ty":"sh","ix":1,"ks":{"a":0,"k":{"i":[[-5,-14.5],[-22.5,-8],[-19,9],[-1,1]],"o":[[-5,-14.5],[-22.5,-8],[-19,9],[-1,1]],"v":[[-5,-14.5],[-22.5,-8],[-19,9],[-1,1]],"c":true},"ix":2},"nm":"Path 1","mn":"ADBE Vector Shape - Group","hd":false,"_render":true},{"ty":"fl","c":{"a":0,"k":[0.9647058823529412,0.9568627450980393,0.9803921568627451,1],"ix":4},"o":{"a":0,"k":100,"ix":5},"r":1,"bm":0,"nm":"Fill 1","mn":"ADBE Vector Graphic - Fill","hd":false,"_render":true},{"ty":"tr","p":{"a":0,"k":[0,0],"ix":2},"a":{"a":0,"k":[0,0],"ix":1},"s":{"a":0,"k":[100,100],"ix":3},"r":{"a":0,"k":0,"ix":6},"o":{"a":0,"k":100,"ix":7},"sk":{"a":0,"k":0,"ix":4},"sa":{"a":0,"k":0,"ix":5},"nm":"Transform","_render":true}],"nm":"Shape 1","np":3,"cix":2,"bm":0,"ix":1,"mn":"ADBE Vector Group","hd":false,"_render":true}],"ip":1.001001001001,"op":361.361361361361,"st":1.001001001001,"bm":0,"completed":true},{"ddd":0,"ind":5,"ty":4,"nm":"p16","sr":1,"ks":{"o":{"a":1,"k":[{"i":{"x":[1],"y":[1]},"o":{"x":[0.01],"y":[0]},"t":0,"s":[100]},{"t":39.039039039039,"s":[0]}],"ix":11},"r":{"a":0,"k":0,"ix":10},"p":{"a":1,"k":[{"i":{"x":0,"y":1},"o":{"x":0.01,"y":0},"t":0,"s":[400,400,0],"to":[77.833,91.333,0],"ti":[51.167,60.667,0]},{"t":39.039039039039,"s":[511,308,0]}],"ix":2},"a":{"a":0,"k":[0,0,0],"ix":1},"s":{"a":0,"k":[100,100,100],"ix":6}},"ao":0,"shapes":[{"ty":"gr","it":[{"ind":0,"ty":"sh","ix":1,"ks":{"a":0,"k":{"i":[[7.855,-14.223],[-14.223,-7.855],[-7.855,14.223],[14.223,7.855]],"o":[[-7.855,-14.223],[-14.223,7.855],[7.855,14.223],[14.223,-7.855]],"v":[[0,-14.223],[-14.223,0],[0,14.223],[14.223,0]],"c":true},"ix":2},"nm":"Tracé 1","mn":"ADBE Vector Shape - Group","hd":false,"_render":true},{"ty":"fl","c":{"a":0,"k":[0.9647058823529412,0.9568627450980393,0.9803921568627451,1],"ix":4},"o":{"a":0,"k":100,"ix":5},"r":1,"bm":0,"nm":"Fond 1","mn":"ADBE Vector Graphic - Fill","hd":false,"_render":true},{"ty":"tr","p":{"a":0,"k":[0,0],"ix":2},"a":{"a":0,"k":[0,0],"ix":1},"s":{"a":0,"k":[80,80],"ix":3},"r":{"a":0,"k":0,"ix":6},"o":{"a":0,"k":100,"ix":7},"sk":{"a":0,"k":0,"ix":4},"sa":{"a":0,"k":0,"ix":5},"nm":"Transform","_render":true}],"nm":"Ellipse 1","np":3,"cix":2,"bm":0,"ix":1,"mn":"ADBE Vector Group","hd":false,"_render":true}],"ip":0,"op":360.36036036036,"st":0,"bm":0,"completed":true},{"ddd":0,"ind":6,"ty":4,"nm":"p15","sr":1,"ks":{"o":{"a":1,"k":[{"i":{"x":[1],"y":[1]},"o":{"x":[0.01],"y":[0]},"t":1.001,"s":[100]},{"t":40.04004004004,"s":[0]}],"ix":11},"r":{"a":0,"k":0,"ix":10},"p":{"a":1,"k":[{"i":{"x":0,"y":1},"o":{"x":0.01,"y":0},"t":1.001,"s":[400,400,0],"to":[-30.167,-122.667,0],"ti":[95.167,-53.333,0]},{"t":40.04004004004,"s":[155,280,0]}],"ix":2},"a":{"a":0,"k":[0,0,0],"ix":1},"s":{"a":0,"k":[100,100,100],"ix":6}},"ao":0,"shapes":[{"ty":"gr","it":[{"ind":0,"ty":"sh","ix":1,"ks":{"a":0,"k":{"i":[[-5,-14.5],[-22.5,-8],[-19,9],[-1,1]],"o":[[-5,-14.5],[-22.5,-8],[-19,9],[-1,1]],"v":[[-5,-14.5],[-22.5,-8],[-19,9],[-1,1]],"c":true},"ix":2},"nm":"Path 1","mn":"ADBE Vector Shape - Group","hd":false,"_render":true},{"ty":"fl","c":{"a":0,"k":[0.9647058823529412,0.9568627450980393,0.9803921568627451,1],"ix":4},"o":{"a":0,"k":100,"ix":5},"r":1,"bm":0,"nm":"Fill 1","mn":"ADBE Vector Graphic - Fill","hd":false,"_render":true},{"ty":"tr","p":{"a":0,"k":[0,0],"ix":2},"a":{"a":0,"k":[0,0],"ix":1},"s":{"a":0,"k":[100,100],"ix":3},"r":{"a":0,"k":0,"ix":6},"o":{"a":0,"k":100,"ix":7},"sk":{"a":0,"k":0,"ix":4},"sa":{"a":0,"k":0,"ix":5},"nm":"Transform","_render":true}],"nm":"Shape 1","np":3,"cix":2,"bm":0,"ix":1,"mn":"ADBE Vector Group","hd":false,"_render":true}],"ip":1.001001001001,"op":361.361361361361,"st":1.001001001001,"bm":0,"completed":true},{"ddd":0,"ind":7,"ty":4,"nm":"p14","sr":1,"ks":{"o":{"a":1,"k":[{"i":{"x":[1],"y":[1]},"o":{"x":[0.01],"y":[0]},"t":2.002,"s":[100]},{"t":41.041041041041,"s":[0]}],"ix":11},"r":{"a":0,"k":0,"ix":10},"p":{"a":1,"k":[{"i":{"x":0,"y":1},"o":{"x":0.01,"y":0},"t":2.002,"s":[400,400,0],"to":[143.833,49.333,0],"ti":[-58.833,48.667,0]},{"t":41.041041041041,"s":[681,388.872,0]}],"ix":2},"a":{"a":0,"k":[0,0,0],"ix":1},"s":{"a":0,"k":[100,100,100],"ix":6}},"ao":0,"shapes":[{"ty":"gr","it":[{"ind":0,"ty":"sh","ix":1,"ks":{"a":0,"k":{"i":[[19,-23.5],[24.5,-3.5],[36.647,-10.192]],"o":[[19,-23.5],[24.5,-3.5],[36.647,-10.192]],"v":[[19,-23.5],[24.5,-3.5],[36.647,-10.192]],"c":true},"ix":2},"nm":"Path 1","mn":"ADBE Vector Shape - Group","hd":false,"_render":true},{"ty":"st","c":{"a":0,"k":[0.9647058823529412,0.9568627450980393,0.9803921568627451,1],"ix":3},"o":{"a":0,"k":100,"ix":4},"w":{"a":0,"k":2,"ix":5},"lc":1,"lj":1,"ml":4,"bm":0,"nm":"Stroke 1","mn":"ADBE Vector Graphic - Stroke","hd":false,"_render":true},{"ty":"fl","c":{"a":0,"k":[0.9647058823529412,0.9568627450980393,0.9803921568627451,1],"ix":4},"o":{"a":0,"k":100,"ix":5},"r":1,"bm":0,"nm":"Fill 1","mn":"ADBE Vector Graphic - Fill","hd":false,"_render":true},{"ty":"tr","p":{"a":0,"k":[0,0],"ix":2},"a":{"a":0,"k":[0,0],"ix":1},"s":{"a":0,"k":[100,100],"ix":3},"r":{"a":0,"k":0,"ix":6},"o":{"a":0,"k":100,"ix":7},"sk":{"a":0,"k":0,"ix":4},"sa":{"a":0,"k":0,"ix":5},"nm":"Transform","_render":true}],"nm":"triangle","np":3,"cix":2,"bm":0,"ix":1,"mn":"ADBE Vector Group","hd":false,"_render":true}],"ip":2.002002002002,"op":362.362362362362,"st":2.002002002002,"bm":0,"completed":true},{"ddd":0,"ind":8,"ty":4,"nm":"p13","sr":1,"ks":{"o":{"a":1,"k":[{"i":{"x":[1],"y":[1]},"o":{"x":[0.01],"y":[0]},"t":3.003,"s":[100]},{"t":42.042042042042,"s":[0]}],"ix":11},"r":{"a":0,"k":0,"ix":10},"p":{"a":1,"k":[{"i":{"x":0,"y":1},"o":{"x":0.01,"y":0},"t":3.003,"s":[400,400,0],"to":[-24.167,-72.667,0],"ti":[75.167,-5.333,0]},{"t":42.042042042042,"s":[257,284,0]}],"ix":2},"a":{"a":0,"k":[0,0,0],"ix":1},"s":{"a":0,"k":[100,100,100],"ix":6}},"ao":0,"shapes":[{"ty":"gr","it":[{"ind":0,"ty":"sh","ix":1,"ks":{"a":0,"k":{"i":[[-5,-14.5],[-22.5,-8],[-19,9],[-1,1]],"o":[[-5,-14.5],[-22.5,-8],[-19,9],[-1,1]],"v":[[-5,-14.5],[-22.5,-8],[-19,9],[-1,1]],"c":true},"ix":2},"nm":"Path 1","mn":"ADBE Vector Shape - Group","hd":false,"_render":true},{"ty":"fl","c":{"a":0,"k":[0.9647058823529412,0.9568627450980393,0.9803921568627451,1],"ix":4},"o":{"a":0,"k":100,"ix":5},"r":1,"bm":0,"nm":"Fill 1","mn":"ADBE Vector Graphic - Fill","hd":false,"_render":true},{"ty":"tr","p":{"a":0,"k":[0,0],"ix":2},"a":{"a":0,"k":[0,0],"ix":1},"s":{"a":0,"k":[100,100],"ix":3},"r":{"a":0,"k":0,"ix":6},"o":{"a":0,"k":100,"ix":7},"sk":{"a":0,"k":0,"ix":4},"sa":{"a":0,"k":0,"ix":5},"nm":"Transform","_render":true}],"nm":"Shape 1","np":3,"cix":2,"bm":0,"ix":1,"mn":"ADBE Vector Group","hd":false,"_render":true}],"ip":3.003003003003,"op":363.363363363363,"st":3.003003003003,"bm":0,"completed":true},{"ddd":0,"ind":9,"ty":4,"nm":"p12","sr":1,"ks":{"o":{"a":1,"k":[{"i":{"x":[1],"y":[1]},"o":{"x":[0.01],"y":[0]},"t":4.004,"s":[100]},{"t":43.043043043043,"s":[0]}],"ix":11},"r":{"a":0,"k":0,"ix":10},"p":{"a":1,"k":[{"i":{"x":0,"y":1},"o":{"x":0.01,"y":0},"t":4.004,"s":[400,400,0],"to":[-14.167,31.333,0],"ti":[65.167,-13.333,0]},{"t":43.043043043043,"s":[301,474,0]}],"ix":2},"a":{"a":0,"k":[0,0,0],"ix":1},"s":{"a":0,"k":[100,100,100],"ix":6}},"ao":0,"shapes":[{"ty":"gr","it":[{"ind":0,"ty":"sh","ix":1,"ks":{"a":0,"k":{"i":[[-5,-14.5],[-22.5,-8],[-19,9],[-1,1]],"o":[[-5,-14.5],[-22.5,-8],[-19,9],[-1,1]],"v":[[-5,-14.5],[-22.5,-8],[-19,9],[-1,1]],"c":true},"ix":2},"nm":"Path 1","mn":"ADBE Vector Shape - Group","hd":false,"_render":true},{"ty":"fl","c":{"a":0,"k":[0.9647058823529412,0.9568627450980393,0.9803921568627451,1],"ix":4},"o":{"a":0,"k":100,"ix":5},"r":1,"bm":0,"nm":"Fill 1","mn":"ADBE Vector Graphic - Fill","hd":false,"_render":true},{"ty":"tr","p":{"a":0,"k":[0,0],"ix":2},"a":{"a":0,"k":[0,0],"ix":1},"s":{"a":0,"k":[100,100],"ix":3},"r":{"a":0,"k":0,"ix":6},"o":{"a":0,"k":100,"ix":7},"sk":{"a":0,"k":0,"ix":4},"sa":{"a":0,"k":0,"ix":5},"nm":"Transform","_render":true}],"nm":"Shape 1","np":3,"cix":2,"bm":0,"ix":1,"mn":"ADBE Vector Group","hd":false,"_render":true}],"ip":4.004004004004,"op":364.364364364364,"st":4.004004004004,"bm":0,"completed":true},{"ddd":0,"ind":10,"ty":4,"nm":"p11","sr":1,"ks":{"o":{"a":1,"k":[{"i":{"x":[1],"y":[1]},"o":{"x":[0.01],"y":[0]},"t":0,"s":[100]},{"t":39.039039039039,"s":[0]}],"ix":11},"r":{"a":0,"k":0,"ix":10},"p":{"a":1,"k":[{"i":{"x":0,"y":1},"o":{"x":0.01,"y":0},"t":0,"s":[400,400,0],"to":[-8.167,63.333,0],"ti":[-62.833,-29.333,0]},{"t":39.039039039039,"s":[499,570,0]}],"ix":2},"a":{"a":0,"k":[0,0,0],"ix":1},"s":{"a":0,"k":[100,100,100],"ix":6}},"ao":0,"shapes":[{"ty":"gr","it":[{"ind":0,"ty":"sh","ix":1,"ks":{"a":0,"k":{"i":[[7.855,-14.223],[-14.223,-7.855],[-7.855,14.223],[14.223,7.855]],"o":[[-7.855,-14.223],[-14.223,7.855],[7.855,14.223],[14.223,-7.855]],"v":[[0,-14.223],[-14.223,0],[0,14.223],[14.223,0]],"c":true},"ix":2},"nm":"Tracé 1","mn":"ADBE Vector Shape - Group","hd":false,"_render":true},{"ty":"fl","c":{"a":0,"k":[0.9647058823529412,0.9568627450980393,0.9803921568627451,1],"ix":4},"o":{"a":0,"k":100,"ix":5},"r":1,"bm":0,"nm":"Fond 1","mn":"ADBE Vector Graphic - Fill","hd":false,"_render":true},{"ty":"tr","p":{"a":0,"k":[0,0],"ix":2},"a":{"a":0,"k":[0,0],"ix":1},"s":{"a":0,"k":[80,80],"ix":3},"r":{"a":0,"k":0,"ix":6},"o":{"a":0,"k":100,"ix":7},"sk":{"a":0,"k":0,"ix":4},"sa":{"a":0,"k":0,"ix":5},"nm":"Transform","_render":true}],"nm":"Ellipse 1","np":3,"cix":2,"bm":0,"ix":1,"mn":"ADBE Vector Group","hd":false,"_render":true}],"ip":0,"op":360.36036036036,"st":0,"bm":0,"completed":true},{"ddd":0,"ind":11,"ty":4,"nm":"p10","sr":1,"ks":{"o":{"a":1,"k":[{"i":{"x":[1],"y":[1]},"o":{"x":[0.01],"y":[0]},"t":1.001,"s":[100]},{"t":40.04004004004,"s":[0]}],"ix":11},"r":{"a":0,"k":0,"ix":10},"p":{"a":1,"k":[{"i":{"x":0,"y":1},"o":{"x":0.01,"y":0},"t":1.001,"s":[400,400,0],"to":[81.833,-104.667,0],"ti":[-58.833,104.667,0]},{"t":40.04004004004,"s":[557,68,0]}],"ix":2},"a":{"a":0,"k":[0,0,0],"ix":1},"s":{"a":0,"k":[100,100,100],"ix":6}},"ao":0,"shapes":[{"ty":"gr","it":[{"ind":0,"ty":"sh","ix":1,"ks":{"a":0,"k":{"i":[[7.855,-14.223],[-14.223,-7.855],[-7.855,14.223],[14.223,7.855]],"o":[[-7.855,-14.223],[-14.223,7.855],[7.855,14.223],[14.223,-7.855]],"v":[[0,-14.223],[-14.223,0],[0,14.223],[14.223,0]],"c":true},"ix":2},"nm":"Tracé 1","mn":"ADBE Vector Shape - Group","hd":false,"_render":true},{"ty":"fl","c":{"a":0,"k":[0.9647058823529412,0.9568627450980393,0.9803921568627451,1],"ix":4},"o":{"a":0,"k":100,"ix":5},"r":1,"bm":0,"nm":"Fond 1","mn":"ADBE Vector Graphic - Fill","hd":false,"_render":true},{"ty":"tr","p":{"a":0,"k":[0,0],"ix":2},"a":{"a":0,"k":[0,0],"ix":1},"s":{"a":0,"k":[80,80],"ix":3},"r":{"a":0,"k":0,"ix":6},"o":{"a":0,"k":100,"ix":7},"sk":{"a":0,"k":0,"ix":4},"sa":{"a":0,"k":0,"ix":5},"nm":"Transform","_render":true}],"nm":"Ellipse 1","np":3,"cix":2,"bm":0,"ix":1,"mn":"ADBE Vector Group","hd":false,"_render":true}],"ip":1.001001001001,"op":361.361361361361,"st":1.001001001001,"bm":0,"completed":true},{"ddd":0,"ind":12,"ty":4,"nm":"p9","sr":1,"ks":{"o":{"a":1,"k":[{"i":{"x":[1],"y":[1]},"o":{"x":[0.01],"y":[0]},"t":2.002,"s":[100]},{"t":41.041041041041,"s":[0]}],"ix":11},"r":{"a":0,"k":0,"ix":10},"p":{"a":1,"k":[{"i":{"x":0,"y":1},"o":{"x":0.01,"y":0},"t":2.002,"s":[400,400,0],"to":[151.833,-46.667,0],"ti":[-26.833,72.667,0]},{"t":41.041041041041,"s":[715,138,0]}],"ix":2},"a":{"a":0,"k":[0,0,0],"ix":1},"s":{"a":0,"k":[100,100,100],"ix":6}},"ao":0,"shapes":[{"ty":"gr","it":[{"ind":0,"ty":"sh","ix":1,"ks":{"a":0,"k":{"i":[[-5,-14.5],[-22.5,-8],[-19,9],[-1,1]],"o":[[-5,-14.5],[-22.5,-8],[-19,9],[-1,1]],"v":[[-5,-14.5],[-22.5,-8],[-19,9],[-1,1]],"c":true},"ix":2},"nm":"Path 1","mn":"ADBE Vector Shape - Group","hd":false,"_render":true},{"ty":"fl","c":{"a":0,"k":[0.9647058823529412,0.9568627450980393,0.9803921568627451,1],"ix":4},"o":{"a":0,"k":100,"ix":5},"r":1,"bm":0,"nm":"Fill 1","mn":"ADBE Vector Graphic - Fill","hd":false,"_render":true},{"ty":"tr","p":{"a":0,"k":[0,0],"ix":2},"a":{"a":0,"k":[0,0],"ix":1},"s":{"a":0,"k":[100,100],"ix":3},"r":{"a":0,"k":0,"ix":6},"o":{"a":0,"k":100,"ix":7},"sk":{"a":0,"k":0,"ix":4},"sa":{"a":0,"k":0,"ix":5},"nm":"Transform","_render":true}],"nm":"Shape 1","np":3,"cix":2,"bm":0,"ix":1,"mn":"ADBE Vector Group","hd":false,"_render":true}],"ip":2.002002002002,"op":362.362362362362,"st":2.002002002002,"bm":0,"completed":true},{"ddd":0,"ind":13,"ty":4,"nm":"p8","sr":1,"ks":{"o":{"a":1,"k":[{"i":{"x":[1],"y":[1]},"o":{"x":[0.01],"y":[0]},"t":3.003,"s":[100]},{"t":42.042042042042,"s":[0]}],"ix":11},"r":{"a":0,"k":0,"ix":10},"p":{"a":1,"k":[{"i":{"x":0,"y":1},"o":{"x":0.01,"y":0},"t":3.003,"s":[400,400,0],"to":[107.833,89.333,0],"ti":[-92.833,-103.333,0]},{"t":42.042042042042,"s":[679,664,0]}],"ix":2},"a":{"a":0,"k":[0,0,0],"ix":1},"s":{"a":0,"k":[100,100,100],"ix":6}},"ao":0,"shapes":[{"ty":"gr","it":[{"ind":0,"ty":"sh","ix":1,"ks":{"a":0,"k":{"i":[[19,-23.5],[24.5,-3.5],[36.647,-10.192]],"o":[[19,-23.5],[24.5,-3.5],[36.647,-10.192]],"v":[[19,-23.5],[24.5,-3.5],[36.647,-10.192]],"c":true},"ix":2},"nm":"Path 1","mn":"ADBE Vector Shape - Group","hd":false,"_render":true},{"ty":"fl","c":{"a":0,"k":[0.9647058823529412,0.9568627450980393,0.9803921568627451,1],"ix":4},"o":{"a":0,"k":100,"ix":5},"r":1,"bm":0,"nm":"Fill 1","mn":"ADBE Vector Graphic - Fill","hd":false,"_render":true},{"ty":"tr","p":{"a":0,"k":[0,0],"ix":2},"a":{"a":0,"k":[0,0],"ix":1},"s":{"a":0,"k":[100,100],"ix":3},"r":{"a":0,"k":0,"ix":6},"o":{"a":0,"k":100,"ix":7},"sk":{"a":0,"k":0,"ix":4},"sa":{"a":0,"k":0,"ix":5},"nm":"Transform","_render":true}],"nm":"triangle","np":3,"cix":2,"bm":0,"ix":1,"mn":"ADBE Vector Group","hd":false,"_render":true}],"ip":3.003003003003,"op":363.363363363363,"st":3.003003003003,"bm":0,"completed":true},{"ddd":0,"ind":14,"ty":4,"nm":"p7","sr":1,"ks":{"o":{"a":1,"k":[{"i":{"x":[1],"y":[1]},"o":{"x":[0.01],"y":[0]},"t":4.004,"s":[100]},{"t":43.043043043043,"s":[0]}],"ix":11},"r":{"a":0,"k":0,"ix":10},"p":{"a":1,"k":[{"i":{"x":0,"y":1},"o":{"x":0.01,"y":0},"t":4.004,"s":[400,400,0],"to":[-36.167,53.333,0],"ti":[75.167,-39.333,0]},{"t":43.043043043043,"s":[97,686,0]}],"ix":2},"a":{"a":0,"k":[0,0,0],"ix":1},"s":{"a":0,"k":[100,100,100],"ix":6}},"ao":0,"shapes":[{"ty":"gr","it":[{"ind":0,"ty":"sh","ix":1,"ks":{"a":0,"k":{"i":[[19,-23.5],[24.5,-3.5],[36.647,-10.192]],"o":[[19,-23.5],[24.5,-3.5],[36.647,-10.192]],"v":[[19,-23.5],[24.5,-3.5],[36.647,-10.192]],"c":true},"ix":2},"nm":"Path 1","mn":"ADBE Vector Shape - Group","hd":false,"_render":true},{"ty":"fl","c":{"a":0,"k":[0.9647058823529412,0.9568627450980393,0.9803921568627451,1],"ix":4},"o":{"a":0,"k":100,"ix":5},"r":1,"bm":0,"nm":"Fill 1","mn":"ADBE Vector Graphic - Fill","hd":false,"_render":true},{"ty":"tr","p":{"a":0,"k":[0,0],"ix":2},"a":{"a":0,"k":[0,0],"ix":1},"s":{"a":0,"k":[100,100],"ix":3},"r":{"a":0,"k":0,"ix":6},"o":{"a":0,"k":100,"ix":7},"sk":{"a":0,"k":0,"ix":4},"sa":{"a":0,"k":0,"ix":5},"nm":"Transform","_render":true}],"nm":"triangle","np":3,"cix":2,"bm":0,"ix":1,"mn":"ADBE Vector Group","hd":false,"_render":true}],"ip":4.004004004004,"op":364.364364364364,"st":4.004004004004,"bm":0,"completed":true},{"ddd":0,"ind":15,"ty":4,"nm":"p6","sr":1,"ks":{"o":{"a":1,"k":[{"i":{"x":[1],"y":[1]},"o":{"x":[0.01],"y":[0]},"t":5.005,"s":[100]},{"t":44.044044044044,"s":[0]}],"ix":11},"r":{"a":0,"k":0,"ix":10},"p":{"a":1,"k":[{"i":{"x":0,"y":1},"o":{"x":0.01,"y":0},"t":5.005,"s":[400,400,0],"to":[-148.167,-132.667,0],"ti":[61.167,-65.333,0]},{"t":44.044044044044,"s":[65,340,0]}],"ix":2},"a":{"a":0,"k":[0,0,0],"ix":1},"s":{"a":0,"k":[100,100,100],"ix":6}},"ao":0,"shapes":[{"ty":"gr","it":[{"ind":0,"ty":"sh","ix":1,"ks":{"a":0,"k":{"i":[[15,14.5],[15,3.75],[1,6.75],[2,-8.5],[-13,-5],[-12.5,-17.25],[-24.75,-12.75],[-23,-23.5],[-33.75,-21.25]],"o":[[15,14.5],[15,3.75],[1,6.75],[2,-8.5],[-13,-5],[-12.5,-17.25],[-24.75,-12.75],[-23,-23.5],[-33.75,-21.25]],"v":[[15,14.5],[15,3.75],[1,6.75],[2,-8.5],[-13,-5],[-12.5,-17.25],[-24.75,-12.75],[-23,-23.5],[-33.75,-21.25]],"c":false},"ix":2},"nm":"Path 1","mn":"ADBE Vector Shape - Group","hd":false,"_render":true},{"ty":"st","c":{"a":0,"k":[0.9647058823529412,0.9568627450980393,0.9803921568627451,1],"ix":3},"o":{"a":0,"k":100,"ix":4},"w":{"a":0,"k":5,"ix":5},"lc":1,"lj":1,"ml":4,"bm":0,"nm":"Stroke 1","mn":"ADBE Vector Graphic - Stroke","hd":false,"_render":true},{"ty":"tr","p":{"a":0,"k":[0,0],"ix":2},"a":{"a":0,"k":[0,0],"ix":1},"s":{"a":0,"k":[100,100],"ix":3},"r":{"a":0,"k":0,"ix":6},"o":{"a":0,"k":100,"ix":7},"sk":{"a":0,"k":0,"ix":4},"sa":{"a":0,"k":0,"ix":5},"nm":"Transform","_render":true}],"nm":"Shape 1","np":3,"cix":2,"bm":0,"ix":1,"mn":"ADBE Vector Group","hd":false,"_render":true}],"ip":5.00500500500501,"op":365.365365365365,"st":5.00500500500501,"bm":0,"completed":true},{"ddd":0,"ind":16,"ty":4,"nm":"p5","sr":1,"ks":{"o":{"a":1,"k":[{"i":{"x":[1],"y":[1]},"o":{"x":[0.01],"y":[0]},"t":6.006,"s":[100]},{"t":45.045045045045,"s":[0]}],"ix":11},"r":{"a":0,"k":0,"ix":10},"p":{"a":1,"k":[{"i":{"x":0.004,"y":0.691},"o":{"x":0.014,"y":0},"t":6.006,"s":[400,400,0],"to":[-55.38,-168.204,0],"ti":[27.03,124.27,0]},{"t":45.045045045045,"s":[400,23.613,0]}],"ix":2},"a":{"a":0,"k":[0,0,0],"ix":1},"s":{"a":0,"k":[100,100,100],"ix":6}},"ao":0,"shapes":[{"ty":"gr","it":[{"ind":0,"ty":"sh","ix":1,"ks":{"a":0,"k":{"i":[[19,-23.5],[24.5,-3.5],[36.647,-10.192]],"o":[[19,-23.5],[24.5,-3.5],[36.647,-10.192]],"v":[[19,-23.5],[24.5,-3.5],[36.647,-10.192]],"c":true},"ix":2},"nm":"Path 1","mn":"ADBE Vector Shape - Group","hd":false,"_render":true},{"ty":"st","c":{"a":0,"k":[0.9647058823529412,0.9568627450980393,0.9803921568627451,1],"ix":3},"o":{"a":0,"k":100,"ix":4},"w":{"a":0,"k":2,"ix":5},"lc":1,"lj":1,"ml":4,"bm":0,"nm":"Stroke 1","mn":"ADBE Vector Graphic - Stroke","hd":false,"_render":true},{"ty":"fl","c":{"a":0,"k":[0.9647058823529412,0.9568627450980393,0.9803921568627451,1],"ix":4},"o":{"a":0,"k":100,"ix":5},"r":1,"bm":0,"nm":"Fill 1","mn":"ADBE Vector Graphic - Fill","hd":false,"_render":true},{"ty":"tr","p":{"a":0,"k":[0,0],"ix":2},"a":{"a":0,"k":[0,0],"ix":1},"s":{"a":0,"k":[100,100],"ix":3},"r":{"a":0,"k":0,"ix":6},"o":{"a":0,"k":100,"ix":7},"sk":{"a":0,"k":0,"ix":4},"sa":{"a":0,"k":0,"ix":5},"nm":"Transform","_render":true}],"nm":"triangle","np":3,"cix":2,"bm":0,"ix":1,"mn":"ADBE Vector Group","hd":false,"_render":true}],"ip":6.00600600600601,"op":366.366366366366,"st":6.00600600600601,"bm":0,"completed":true},{"ddd":0,"ind":17,"ty":4,"nm":"p4","sr":1,"ks":{"o":{"a":1,"k":[{"i":{"x":[1],"y":[1]},"o":{"x":[0.01],"y":[0]},"t":7.007,"s":[100]},{"t":46.046046046046,"s":[0]}],"ix":11},"r":{"a":0,"k":0,"ix":10},"p":{"a":1,"k":[{"i":{"x":0,"y":1},"o":{"x":0.01,"y":0},"t":7.007,"s":[400,400,0],"to":[109.833,69.333,0],"ti":[97.167,0.667,0]},{"t":46.046046046046,"s":[303,660,0]}],"ix":2},"a":{"a":0,"k":[0,0,0],"ix":1},"s":{"a":0,"k":[100,100,100],"ix":6}},"ao":0,"shapes":[{"ty":"gr","it":[{"ind":0,"ty":"sh","ix":1,"ks":{"a":0,"k":{"i":[[7.855,-14.223],[-14.223,-7.855],[-7.855,14.223],[14.223,7.855]],"o":[[-7.855,-14.223],[-14.223,7.855],[7.855,14.223],[14.223,-7.855]],"v":[[0,-14.223],[-14.223,0],[0,14.223],[14.223,0]],"c":true},"ix":2},"nm":"Tracé 1","mn":"ADBE Vector Shape - Group","hd":false,"_render":true},{"ty":"st","c":{"a":0,"k":[0.9647058823529412,0.9568627450980393,0.9803921568627451,1],"ix":3},"o":{"a":0,"k":100,"ix":4},"w":{"a":0,"k":30,"ix":5},"lc":1,"lj":1,"ml":4,"bm":0,"nm":"Contour 1","mn":"ADBE Vector Graphic - Stroke","hd":false,"_render":true},{"ty":"fl","c":{"a":0,"k":[0.9647058823529412,0.9568627450980393,0.9803921568627451,1],"ix":4},"o":{"a":0,"k":100,"ix":5},"r":1,"bm":0,"nm":"Fond 1","mn":"ADBE Vector Graphic - Fill","hd":false,"_render":true},{"ty":"tr","p":{"a":0,"k":[0,0],"ix":2},"a":{"a":0,"k":[0,0],"ix":1},"s":{"a":0,"k":[80,80],"ix":3},"r":{"a":0,"k":0,"ix":6},"o":{"a":0,"k":100,"ix":7},"sk":{"a":0,"k":0,"ix":4},"sa":{"a":0,"k":0,"ix":5},"nm":"Transform","_render":true}],"nm":"Ellipse 1","np":3,"cix":2,"bm":0,"ix":1,"mn":"ADBE Vector Group","hd":false,"_render":true}],"ip":7.00700700700701,"op":367.367367367367,"st":7.00700700700701,"bm":0,"completed":true},{"ddd":0,"ind":18,"ty":4,"nm":"p3","sr":1,"ks":{"o":{"a":1,"k":[{"i":{"x":[1],"y":[1]},"o":{"x":[0.01],"y":[0]},"t":8.008,"s":[100]},{"t":47.047047047047,"s":[0]}],"ix":11},"r":{"a":0,"k":0,"ix":10},"p":{"a":1,"k":[{"i":{"x":0,"y":1},"o":{"x":0.01,"y":0},"t":8.008,"s":[400,400,0],"to":[41.833,109.333,0],"ti":[-71.833,39.667,0]},{"t":47.047047047047,"s":[663,498,0]}],"ix":2},"a":{"a":0,"k":[0,0,0],"ix":1},"s":{"a":0,"k":[100,100,100],"ix":6}},"ao":0,"shapes":[{"ty":"gr","it":[{"ind":0,"ty":"sh","ix":1,"ks":{"a":0,"k":{"i":[[19,-23.5],[24.5,-3.5],[36.647,-10.192]],"o":[[19,-23.5],[24.5,-3.5],[36.647,-10.192]],"v":[[19,-23.5],[24.5,-3.5],[36.647,-10.192]],"c":true},"ix":2},"nm":"Path 1","mn":"ADBE Vector Shape - Group","hd":false,"_render":true},{"ty":"st","c":{"a":0,"k":[0.9647058823529412,0.9568627450980393,0.9803921568627451,1],"ix":3},"o":{"a":0,"k":100,"ix":4},"w":{"a":0,"k":2,"ix":5},"lc":1,"lj":1,"ml":4,"bm":0,"nm":"Stroke 1","mn":"ADBE Vector Graphic - Stroke","hd":false,"_render":true},{"ty":"fl","c":{"a":0,"k":[0.9647058823529412,0.9568627450980393,0.9803921568627451,1],"ix":4},"o":{"a":0,"k":100,"ix":5},"r":1,"bm":0,"nm":"Fill 1","mn":"ADBE Vector Graphic - Fill","hd":false,"_render":true},{"ty":"tr","p":{"a":0,"k":[0,0],"ix":2},"a":{"a":0,"k":[0,0],"ix":1},"s":{"a":0,"k":[100,100],"ix":3},"r":{"a":0,"k":0,"ix":6},"o":{"a":0,"k":100,"ix":7},"sk":{"a":0,"k":0,"ix":4},"sa":{"a":0,"k":0,"ix":5},"nm":"Transform","_render":true}],"nm":"triangle","np":3,"cix":2,"bm":0,"ix":1,"mn":"ADBE Vector Group","hd":false,"_render":true}],"ip":8.00800800800801,"op":368.368368368368,"st":8.00800800800801,"bm":0,"completed":true},{"ddd":0,"ind":19,"ty":4,"nm":"p2","sr":1,"ks":{"o":{"a":1,"k":[{"i":{"x":[1],"y":[1]},"o":{"x":[0.01],"y":[0]},"t":9.009,"s":[100]},{"t":48.0480480480481,"s":[0]}],"ix":11},"r":{"a":0,"k":0,"ix":10},"p":{"a":1,"k":[{"i":{"x":0,"y":1},"o":{"x":0.01,"y":0},"t":9.009,"s":[400,400,0],"to":[-0.167,-158.667,0],"ti":[89.167,6.667,0]},{"t":48.0480480480481,"s":[187,88,0]}],"ix":2},"a":{"a":0,"k":[0,0,0],"ix":1},"s":{"a":0,"k":[100,100,100],"ix":6}},"ao":0,"shapes":[{"ty":"gr","it":[{"ind":0,"ty":"sh","ix":1,"ks":{"a":0,"k":{"i":[[7.855,-14.223],[-14.223,-7.855],[-7.855,14.223],[14.223,7.855]],"o":[[-7.855,-14.223],[-14.223,7.855],[7.855,14.223],[14.223,-7.855]],"v":[[0,-14.223],[-14.223,0],[0,14.223],[14.223,0]],"c":true},"ix":2},"nm":"Tracé 1","mn":"ADBE Vector Shape - Group","hd":false,"_render":true},{"ty":"fl","c":{"a":0,"k":[0.9647058823529412,0.9568627450980393,0.9803921568627451,1],"ix":4},"o":{"a":0,"k":100,"ix":5},"r":1,"bm":0,"nm":"Fond 1","mn":"ADBE Vector Graphic - Fill","hd":false,"_render":true},{"ty":"tr","p":{"a":0,"k":[0,0],"ix":2},"a":{"a":0,"k":[0,0],"ix":1},"s":{"a":0,"k":[80,80],"ix":3},"r":{"a":0,"k":0,"ix":6},"o":{"a":0,"k":100,"ix":7},"sk":{"a":0,"k":0,"ix":4},"sa":{"a":0,"k":0,"ix":5},"nm":"Transform","_render":true}],"nm":"Ellipse 1","np":3,"cix":2,"bm":0,"ix":1,"mn":"ADBE Vector Group","hd":false,"_render":true}],"ip":9.00900900900901,"op":369.369369369369,"st":9.00900900900901,"bm":0,"completed":true},{"ddd":0,"ind":20,"ty":4,"nm":"p1","sr":1,"ks":{"o":{"a":1,"k":[{"i":{"x":[1],"y":[1]},"o":{"x":[0.01],"y":[0]},"t":0,"s":[100]},{"t":39.039039039039,"s":[0]}],"ix":11},"r":{"a":0,"k":0,"ix":10},"p":{"a":1,"k":[{"i":{"x":0,"y":1},"o":{"x":0.01,"y":0},"t":0,"s":[400,400,0],"to":[-0.167,-158.667,0],"ti":[-92.833,-103.333,0]},{"t":39.039039039039,"s":[621,234,0]}],"ix":2},"a":{"a":0,"k":[0,0,0],"ix":1},"s":{"a":0,"k":[100,100,100],"ix":6}},"ao":0,"shapes":[{"ty":"gr","it":[{"ind":0,"ty":"sh","ix":1,"ks":{"a":0,"k":{"i":[[14.5,-8.25],[25.25,-11.75],[21.75,2],[36.25,0.75],[33,18.75],[52.25,18.25],[53.75,36.75]],"o":[[14.5,-8.25],[27.25,-2.25],[29.25,7.5],[42.75,13.25],[45.5,23.25],[56.25,32.25],[53.75,36.75]],"v":[[14.5,-8.25],[26.25,-7],[25.5,4.75],[39.5,7],[39.25,21],[54.25,25.25],[53.75,36.75]],"c":false},"ix":2},"nm":"Path 1","mn":"ADBE Vector Shape - Group","hd":false,"_render":true},{"ty":"st","c":{"a":0,"k":[0.9647058823529412,0.9568627450980393,0.9803921568627451,1],"ix":3},"o":{"a":0,"k":100,"ix":4},"w":{"a":0,"k":2,"ix":5},"lc":1,"lj":1,"ml":4,"bm":0,"nm":"Stroke 1","mn":"ADBE Vector Graphic - Stroke","hd":false,"_render":true},{"ty":"tr","p":{"a":0,"k":[0,0],"ix":2},"a":{"a":0,"k":[0,0],"ix":1},"s":{"a":0,"k":[100,100],"ix":3},"r":{"a":0,"k":0,"ix":6},"o":{"a":0,"k":100,"ix":7},"sk":{"a":0,"k":0,"ix":4},"sa":{"a":0,"k":0,"ix":5},"nm":"Transform","_render":true}],"nm":"Shape 2","np":3,"cix":2,"bm":0,"ix":1,"mn":"ADBE Vector Group","hd":false,"_render":true}],"ip":0,"op":360.36036036036,"st":0,"bm":0,"completed":true}]}],"markers":[],"__complete":true}